protein1	protein2
AT1G01030	AT3G51060
AT1G01060	AT5G15840
AT1G01060	AT5G15850
AT1G01060	AT3G09600
AT1G01060	AT3G02380
AT1G01060	AT4G38960
AT1G01060	AT2G46830
AT1G01060	AT3G22170
AT1G01060	AT3G46640
AT1G01350	AT1G09770
AT1G01380	AT1G63650
AT1G01380	AT5G41315
AT1G01380	AT4G00480
AT1G01380	AT1G79840
AT1G01530	AT5G26650
AT1G01530	AT1G65330
AT1G01720	AT1G77450
AT1G02340	AT2G20180
AT1G02340	AT4G25560
AT1G02340	AT1G26945
AT1G02340	AT5G11260
AT1G02340	AT4G16780
AT1G02340	AT3G17609
AT1G03790	AT2G20180
AT1G03840	AT4G37650
AT1G03840	AT3G54220
AT1G03840	AT1G50420
AT1G05805	AT1G48195
AT1G06040	AT5G11260
AT1G06040	AT3G47500
AT1G06160	AT1G32640
AT1G06170	AT4G21330
AT1G06170	AT3G28470
AT1G06280	AT3G27940
AT1G07530	AT5G06950
AT1G07540	AT1G49950
AT1G07980	AT5G47670
AT1G07980	AT4G14540
AT1G07980	AT3G12480
AT1G07980	AT5G27910
AT1G07980	AT2G27470
AT1G08000	AT2G36010
AT1G08000	AT5G47140
AT1G08970	AT3G05690
AT1G08970	AT2G34720
AT1G08970	AT2G37060
AT1G08970	AT1G21970
AT1G08970	AT1G54160
AT1G08970	AT1G30500
AT1G08970	AT5G47670
AT1G08970	AT3G20910
AT1G08970	AT2G38880
AT1G08970	AT4G14540
AT1G08970	AT5G12840
AT1G08970	AT3G53340
AT1G08970	AT1G17590
AT1G08970	AT5G47640
AT1G08970	AT5G06510
AT1G08970	AT2G27470
AT1G09030	AT1G54830
AT1G09030	AT5G38140
AT1G09030	AT3G48590
AT1G09030	AT1G30500
AT1G09030	AT5G63470
AT1G09030	AT2G27470
AT1G09530	AT2G43010
AT1G09530	AT3G59060
AT1G09530	AT5G17490
AT1G09530	AT3G17609
AT1G09530	AT2G01570
AT1G09530	AT5G61270
AT1G09530	AT1G66350
AT1G09530	AT5G11260
AT1G09530	AT3G03450
AT1G09530	AT1G14920
AT1G09770	AT1G01350
AT1G09770	AT5G63420
AT1G09770	AT5G06420
AT1G09770	AT3G44785
AT1G09770	AT3G52250
AT1G09770	AT2G47210
AT1G10320	AT5G26749
AT1G11510	AT4G31270
AT1G11510	AT1G26960
AT1G12610	AT4G34410
AT1G12860	AT3G06120
AT1G12860	AT5G53210
AT1G12980	AT5G08130
AT1G12980	AT1G30490
AT1G13260	AT1G16640
AT1G14350	AT3G24140
AT1G14687	AT5G42780
AT1G14920	AT2G43010
AT1G14920	AT1G75080
AT1G14920	AT5G15840
AT1G14920	AT1G09530
AT1G14920	AT3G61850
AT1G14920	AT2G28550
AT1G16490	AT1G32770
AT1G16490	AT2G46770
AT1G16490	AT1G28470
AT1G16640	AT1G13260
AT1G16640	AT4G31630
AT1G17520	AT2G24830
AT1G17590	AT1G54830
AT1G17590	AT5G63470
AT1G17590	AT1G08970
AT1G17590	AT3G48590
AT1G17950	AT1G32770
AT1G17950	AT1G62990
AT1G17950	AT1G28470
AT1G17950	AT4G28500
AT1G18400	AT5G08130
AT1G18570	AT2G38470
AT1G18750	AT1G60040
AT1G19220	AT3G58190
AT1G19220	AT2G42430
AT1G19350	AT2G43010
AT1G19350	AT1G75080
AT1G19350	AT3G28910
AT1G19350	AT5G08130
AT1G19350	AT5G04240
AT1G19350	AT5G38860
AT1G19350	AT1G69010
AT1G19350	AT3G48430
AT1G19850	AT4G32880
AT1G21970	AT3G05690
AT1G21970	AT3G26790
AT1G21970	AT3G54320
AT1G21970	AT1G54160
AT1G21970	AT1G56170
AT1G21970	AT3G48590
AT1G21970	AT1G28300
AT1G21970	AT5G12840
AT1G21970	AT2G17950
AT1G21970	AT2G30470
AT1G21970	AT5G17430
AT1G21970	AT3G24650
AT1G21970	AT1G54830
AT1G21970	AT5G13790
AT1G21970	AT5G38140
AT1G21970	AT1G08970
AT1G21970	AT4G32010
AT1G21970	AT5G63470
AT1G21970	AT5G06510
AT1G22070	AT4G16110
AT1G22590	AT5G38740
AT1G23380	AT5G02030
AT1G23380	AT1G65620
AT1G23380	AT2G37630
AT1G23420	AT5G42630
AT1G23420	AT5G41410
AT1G23420	AT4G27330
AT1G23420	AT3G23130
AT1G23420	AT4G37750
AT1G24260	AT5G61850
AT1G24260	AT4G18960
AT1G24590	AT5G08130
AT1G24590	AT1G30490
AT1G25550	AT3G56530
AT1G26780	AT1G76420
AT1G26945	AT1G02340
AT1G26960	AT1G11510
AT1G26960	AT4G31270
AT1G27730	AT2G38470
AT1G27730	AT3G15210
AT1G27730	AT5G61600
AT1G27730	AT5G04340
AT1G27730	AT4G17500
AT1G27730	AT1G28370
AT1G27730	AT1G80840
AT1G27730	AT5G47230
AT1G27730	AT3G55980
AT1G27730	AT5G51190
AT1G27730	AT2G40140
AT1G27730	AT5G59820
AT1G27730	AT4G17490
AT1G28300	AT5G13790
AT1G28300	AT1G21970
AT1G28300	AT5G47670
AT1G28300	AT3G54320
AT1G28300	AT5G17430
AT1G28370	AT1G27730
AT1G28370	AT1G80840
AT1G28470	AT1G79180
AT1G28470	AT4G22680
AT1G28470	AT5G12870
AT1G28470	AT5G16600
AT1G28470	AT3G08500
AT1G28470	AT1G17950
AT1G28470	AT1G73410
AT1G28470	AT1G63910
AT1G28470	AT1G16490
AT1G28470	AT5G56110
AT1G28470	AT4G33450
AT1G28470	AT1G62990
AT1G30210	AT3G27010
AT1G30210	AT5G08330
AT1G30210	AT1G69690
AT1G30210	AT3G47620
AT1G30210	AT1G35560
AT1G30330	AT2G43010
AT1G30330	AT1G75080
AT1G30330	AT4G36540
AT1G30490	AT1G24590
AT1G30490	AT1G12980
AT1G30490	AT5G16560
AT1G30500	AT2G37060
AT1G30500	AT2G47810
AT1G30500	AT1G54830
AT1G30500	AT1G09030
AT1G30500	AT5G63470
AT1G30500	AT5G38140
AT1G30500	AT1G08970
AT1G30500	AT3G48590
AT1G30500	AT5G47640
AT1G30500	AT2G38880
AT1G30500	AT4G14540
AT1G30970	AT2G33835
AT1G30970	AT5G10140
AT1G30970	AT4G02560
AT1G31630	AT2G24840
AT1G32240	AT2G33860
AT1G32240	AT1G65620
AT1G32240	AT2G34710
AT1G32240	AT2G45190
AT1G32240	AT2G26580
AT1G32240	AT2G37630
AT1G32240	AT4G00180
AT1G32330	AT5G62020
AT1G32330	AT3G51910
AT1G32330	AT2G26150
AT1G32330	AT5G43840
AT1G32330	AT5G45710
AT1G32330	AT5G03720
AT1G32330	AT3G24520
AT1G32330	AT3G63350
AT1G32330	AT1G46264
AT1G32330	AT4G18880
AT1G32330	AT4G17750
AT1G32330	AT4G11660
AT1G32330	AT4G13980
AT1G32330	AT1G67970
AT1G32330	AT5G54070
AT1G32330	AT3G22830
AT1G32330	AT5G16820
AT1G32330	AT4G36990
AT1G32330	AT2G41690
AT1G32330	AT3G02990
AT1G32640	AT4G24470
AT1G32640	AT3G27810
AT1G32640	AT5G40350
AT1G32640	AT3G20770
AT1G32640	AT2G47190
AT1G32640	AT1G06160
AT1G32640	AT2G27050
AT1G32770	AT1G79180
AT1G32770	AT4G22680
AT1G32770	AT5G12870
AT1G32770	AT5G16600
AT1G32770	AT3G08500
AT1G32770	AT1G17950
AT1G32770	AT1G73410
AT1G32770	AT1G63910
AT1G32770	AT1G16490
AT1G32770	AT5G56110
AT1G32770	AT4G33450
AT1G32770	AT1G62990
AT1G33060	AT1G49560
AT1G33280	AT4G18870
AT1G34170	AT4G36920
AT1G34310	AT4G31660
AT1G34790	AT5G23260
AT1G34790	AT5G35550
AT1G34790	AT2G37260
AT1G34790	AT4G09820
AT1G34790	AT1G56650
AT1G35560	AT5G60970
AT1G35560	AT1G30210
AT1G42990	AT1G68880
AT1G42990	AT5G64060
AT1G42990	AT3G49530
AT1G43700	AT1G69180
AT1G44810	AT4G00270
AT1G45249	AT5G05410
AT1G45249	AT1G68880
AT1G45249	AT5G46590
AT1G45249	AT2G40340
AT1G45249	AT1G66600
AT1G45249	AT4G25480
AT1G46264	AT5G62020
AT1G46264	AT3G51910
AT1G46264	AT2G26150
AT1G46264	AT5G43840
AT1G46264	AT5G45710
AT1G46264	AT5G03720
AT1G46264	AT3G24520
AT1G46264	AT3G63350
AT1G46264	AT4G18880
AT1G46264	AT1G32330
AT1G46264	AT4G17750
AT1G46264	AT4G11660
AT1G46264	AT4G13980
AT1G46264	AT1G67970
AT1G46264	AT5G54070
AT1G46264	AT3G22830
AT1G46264	AT5G16820
AT1G46264	AT4G36990
AT1G46264	AT2G41690
AT1G46264	AT3G02990
AT1G46480	AT2G45160
AT1G47760	AT3G18650
AT1G47760	AT5G65330
AT1G47760	AT5G58890
AT1G47870	AT5G02470
AT1G47870	AT5G22220
AT1G47870	AT5G03415
AT1G48195	AT1G05805
AT1G49010	AT3G24860
AT1G49010	AT4G01280
AT1G49010	AT3G52250
AT1G49130	AT2G33500
AT1G49475	AT1G49480
AT1G49480	AT1G49475
AT1G49480	AT3G18960
AT1G49480	AT4G01580
AT1G49560	AT1G33060
AT1G49560	AT3G04420
AT1G49770	AT3G26744
AT1G49950	AT3G53790
AT1G49950	AT1G07540
AT1G50420	AT1G03840
AT1G50420	AT5G44160
AT1G51070	AT3G56970
AT1G52520	AT5G03510
AT1G52880	AT1G68880
AT1G52880	AT4G36920
AT1G52890	AT1G69600
AT1G53230	AT2G45680
AT1G53230	AT5G08330
AT1G53230	AT1G58100
AT1G53230	AT1G69690
AT1G53230	AT3G47620
AT1G53910	AT3G10040
AT1G54160	AT2G37060
AT1G54160	AT2G47810
AT1G54160	AT1G54830
AT1G54160	AT1G21970
AT1G54160	AT5G63470
AT1G54160	AT1G56170
AT1G54160	AT1G08970
AT1G54160	AT3G48590
AT1G54160	AT5G47640
AT1G54160	AT5G47670
AT1G54160	AT2G38880
AT1G54160	AT4G14540
AT1G54330	AT1G64620
AT1G54830	AT3G05690
AT1G54830	AT2G34720
AT1G54830	AT2G37060
AT1G54830	AT1G72830
AT1G54830	AT1G21970
AT1G54830	AT1G09030
AT1G54830	AT1G54160
AT1G54830	AT1G30500
AT1G54830	AT5G47670
AT1G54830	AT3G20910
AT1G54830	AT2G38880
AT1G54830	AT3G14020
AT1G54830	AT4G14540
AT1G54830	AT5G12840
AT1G54830	AT3G53340
AT1G54830	AT2G47810
AT1G54830	AT2G13570
AT1G54830	AT1G17590
AT1G54830	AT5G47640
AT1G54830	AT5G06510
AT1G54830	AT2G27470
AT1G55580	AT2G17950
AT1G56160	AT1G73730
AT1G56170	AT3G05690
AT1G56170	AT2G34720
AT1G56170	AT2G37060
AT1G56170	AT1G72830
AT1G56170	AT1G21970
AT1G56170	AT1G54160
AT1G56170	AT5G47670
AT1G56170	AT3G20910
AT1G56170	AT2G38880
AT1G56170	AT4G14540
AT1G56170	AT5G12840
AT1G56170	AT3G53340
AT1G56170	AT2G47810
AT1G56170	AT2G13570
AT1G56170	AT3G10800
AT1G56170	AT5G47640
AT1G56170	AT2G27470
AT1G56650	AT5G41315
AT1G56650	AT4G09820
AT1G56650	AT1G63650
AT1G56650	AT5G11260
AT1G56650	AT1G62990
AT1G56650	AT1G34790
AT1G58100	AT5G60970
AT1G58100	AT1G69690
AT1G58100	AT4G18170
AT1G58100	AT3G02150
AT1G58100	AT1G53230
AT1G58110	AT2G12940
AT1G59530	AT5G08141
AT1G59530	AT5G61620
AT1G59640	AT5G37020
AT1G59750	AT3G50060
AT1G60040	AT2G03060
AT1G60040	AT1G18750
AT1G60280	AT5G01860
AT1G60380	AT4G01520
AT1G60880	AT2G22630
AT1G60880	AT4G37940
AT1G60880	AT5G26880
AT1G62360	AT3G15170
AT1G62360	AT5G53950
AT1G62360	AT2G17950
AT1G62360	AT5G02030
AT1G62360	AT2G37630
AT1G62990	AT1G32770
AT1G62990	AT3G08500
AT1G62990	AT2G46770
AT1G62990	AT4G08150
AT1G62990	AT1G63910
AT1G62990	AT1G79180
AT1G62990	AT5G12870
AT1G62990	AT1G17950
AT1G62990	AT1G56650
AT1G62990	AT4G34610
AT1G62990	AT5G56110
AT1G62990	AT4G22680
AT1G62990	AT1G28470
AT1G62990	AT5G16600
AT1G62990	AT4G28500
AT1G63650	AT1G56650
AT1G63650	AT5G35550
AT1G63650	AT5G53200
AT1G63650	AT2G37260
AT1G63650	AT3G27920
AT1G63650	AT5G14750
AT1G63650	AT2G30432
AT1G63650	AT1G66370
AT1G63650	AT3G13540
AT1G63650	AT2G30420
AT1G63650	AT4G01060
AT1G63650	AT1G66380
AT1G63650	AT1G79840
AT1G63650	AT2G47190
AT1G63650	AT1G01380
AT1G63650	AT1G71030
AT1G63650	AT1G66390
AT1G63650	AT2G30424
AT1G63650	AT5G40330
AT1G63650	AT2G46410
AT1G63910	AT1G32770
AT1G63910	AT2G46770
AT1G63910	AT1G71930
AT1G63910	AT1G62990
AT1G63910	AT1G28470
AT1G63910	AT4G28500
AT1G64620	AT1G54330
AT1G65300	AT2G24840
AT1G65330	AT4G25530
AT1G65330	AT1G01530
AT1G65330	AT5G60440
AT1G65330	AT2G24840
AT1G65360	AT5G48670
AT1G65620	AT1G32240
AT1G65620	AT2G45190
AT1G65620	AT2G26580
AT1G65620	AT3G15030
AT1G65620	AT2G33860
AT1G65620	AT1G23380
AT1G65620	AT1G70510
AT1G65620	AT4G08150
AT1G65620	AT2G37630
AT1G65620	AT5G16560
AT1G66350	AT2G43010
AT1G66350	AT1G09530
AT1G66370	AT5G41315
AT1G66370	AT4G09820
AT1G66370	AT1G63650
AT1G66380	AT5G41315
AT1G66380	AT4G09820
AT1G66380	AT1G63650
AT1G66390	AT5G41315
AT1G66390	AT4G09820
AT1G66390	AT1G63650
AT1G66470	AT5G14750
AT1G66600	AT1G45249
AT1G66600	AT1G80840
AT1G67970	AT5G62020
AT1G67970	AT3G51910
AT1G67970	AT2G26150
AT1G67970	AT5G43840
AT1G67970	AT5G45710
AT1G67970	AT5G03720
AT1G67970	AT3G24520
AT1G67970	AT3G63350
AT1G67970	AT1G46264
AT1G67970	AT4G18880
AT1G67970	AT1G32330
AT1G67970	AT4G17750
AT1G67970	AT4G11660
AT1G67970	AT4G13980
AT1G67970	AT5G54070
AT1G67970	AT3G22830
AT1G67970	AT5G16820
AT1G67970	AT4G36990
AT1G67970	AT2G41690
AT1G67970	AT3G02990
AT1G68320	AT5G13080
AT1G68840	AT3G25990
AT1G68880	AT4G36920
AT1G68880	AT1G45249
AT1G68880	AT3G19290
AT1G68880	AT5G49450
AT1G68880	AT1G52880
AT1G68880	AT2G36270
AT1G68880	AT5G11260
AT1G68880	AT4G02640
AT1G68880	AT2G44840
AT1G68880	AT4G34000
AT1G68880	AT2G46270
AT1G68880	AT3G10800
AT1G68880	AT1G42990
AT1G68880	AT5G04340
AT1G68880	AT3G24650
AT1G69010	AT1G19350
AT1G69120	AT4G36920
AT1G69120	AT5G15840
AT1G69120	AT5G61850
AT1G69120	AT3G18990
AT1G69180	AT1G43700
AT1G69490	AT5G39610
AT1G69600	AT1G52890
AT1G69600	AT4G27410
AT1G69690	AT5G60970
AT1G69690	AT3G02150
AT1G69690	AT1G30210
AT1G69690	AT1G58100
AT1G69690	AT1G53230
AT1G70510	AT1G65620
AT1G70510	AT2G37630
AT1G70920	AT3G46080
AT1G70920	AT4G13480
AT1G71030	AT5G41315
AT1G71030	AT4G09820
AT1G71030	AT1G63650
AT1G71930	AT5G12870
AT1G71930	AT1G63910
AT1G71930	AT3G08500
AT1G72010	AT5G60970
AT1G72360	AT3G10040
AT1G72650	AT2G32250
AT1G72830	AT2G37060
AT1G72830	AT2G47810
AT1G72830	AT1G54830
AT1G72830	AT5G63470
AT1G72830	AT1G56170
AT1G72830	AT3G48590
AT1G72830	AT5G47640
AT1G72830	AT5G47670
AT1G72830	AT2G38880
AT1G72830	AT4G14540
AT1G72980	AT3G27940
AT1G73410	AT1G32770
AT1G73410	AT1G28470
AT1G73410	AT4G28500
AT1G73730	AT1G56160
AT1G75080	AT2G43010
AT1G75080	AT2G01570
AT1G75080	AT2G20180
AT1G75080	AT5G11260
AT1G75080	AT1G30330
AT1G75080	AT1G19350
AT1G75080	AT1G14920
AT1G75540	AT5G11260
AT1G75710	AT3G58120
AT1G76320	AT5G57620
AT1G76420	AT1G26780
AT1G76870	AT5G60142
AT1G76870	AT3G04930
AT1G76870	AT3G14180
AT1G76870	AT3G58630
AT1G76870	AT4G00238
AT1G76890	AT3G24490
AT1G77080	AT2G22540
AT1G77450	AT1G01720
AT1G78600	AT5G11260
AT1G78600	AT3G17609
AT1G49720	AT1G49720
AT1G49720	AT4G34000
AT1G49720	AT2G36270
AT1G49720	AT1G14920
AT1G49720	AT1G45249
AT1G45249	AT1G45249
AT1G45249	AT4G34000
AT1G45249	AT3G19290
AT1G45249	AT2G36270
AT1G45249	AT5G15840
AT1G45249	AT5G53950
AT1G45249	AT1G14920
AT1G45249	AT5G06650
AT4G34000	AT4G34000
AT4G34000	AT2G36270
AT4G34000	AT2G40340
AT1G49720	AT3G19290
AT4G34000	AT3G19290
AT3G19290	AT3G19290
AT3G19290	AT4G25480
AT3G19290	AT5G05410
AT3G19290	AT2G40340
AT3G19290	AT2G18550
AT3G24650	AT2G36270
AT3G24650	AT5G15840
AT3G24650	AT1G14920
AT3G24650	AT2G20180
AT3G24650	AT2G01570
AT3G24650	AT2G40220
AT3G19290	AT2G36270
AT2G36270	AT2G36270
AT2G36270	AT3G18550
AT2G36270	AT2G41070
AT2G36270	AT1G14920
AT2G36270	AT3G61910
AT2G36270	AT5G37260
AT2G36270	AT3G15030
AT2G36270	AT5G65210
AT2G45190	AT5G16560
AT2G45190	AT3G26620
AT2G45190	AT5G67300
AT2G45190	AT5G27910
AT2G45190	AT4G01500
AT2G45190	AT3G47620
AT2G45190	AT3G15030
AT2G45190	AT5G60970
AT2G45190	AT5G60120
AT2G45190	AT5G25160
AT4G18960	AT4G18960
AT4G18960	AT3G61120
AT4G18960	AT3G57230
AT4G18960	AT2G45650
AT4G18960	AT5G60910
AT4G18960	AT1G69120
AT4G18960	AT3G54340
AT1G47760	AT5G15840
AT1G47760	AT1G77450
AT1G47760	AT4G18390
AT3G18650	AT1G60920
AT3G18650	AT1G60880
AT3G18650	AT3G49940
AT3G18650	AT5G27910
AT3G18650	AT3G47620
AT1G22130	AT1G18750
AT1G22130	AT1G69540
AT1G71692	AT5G08790
AT1G71692	AT5G53200
AT4G11880	AT3G57230
AT4G11880	AT5G60910
AT4G11880	AT5G02840
AT4G11880	AT4G18390
AT4G18960	AT5G13790
AT5G13790	AT5G13790
AT5G13790	AT3G57230
AT5G13790	AT3G57390
AT5G13790	AT2G45660
AT5G13790	AT4G24540
AT5G13790	AT2G45650
AT5G13790	AT1G69120
AT5G13790	AT5G37260
AT5G13790	AT1G24260
AT5G13790	AT3G58780
AT5G13790	AT2G42830
AT5G13790	AT2G22540
AT1G71692	AT3G57230
AT3G57230	AT3G57230
AT3G57230	AT2G22630
AT3G57230	AT4G37940
AT3G57230	AT2G14210
AT3G57230	AT2G45650
AT3G57230	AT1G69120
AT3G57230	AT5G10140
AT3G57230	AT1G31140
AT3G57230	AT3G58780
AT3G57230	AT2G42830
AT3G57230	AT2G22540
AT2G22630	AT2G41690
AT2G22630	AT5G15800
AT3G57390	AT3G61910
AT3G57390	AT4G35550
AT1G71692	AT2G45660
AT3G61120	AT2G45660
AT4G11880	AT2G45660
AT3G57230	AT2G45660
AT2G22630	AT2G45660
AT4G22950	AT2G45660
AT2G45660	AT2G45660
AT2G45660	AT5G62165
AT2G45660	AT2G14210
AT2G45660	AT2G45650
AT2G45660	AT5G51870
AT2G45660	AT5G60910
AT2G45660	AT1G69120
AT2G45660	AT1G26310
AT2G45660	AT5G22290
AT2G45660	AT5G15800
AT2G45660	AT3G02310
AT2G45660	AT2G03710
AT2G45660	AT3G58780
AT2G45660	AT2G42830
AT2G45660	AT2G22540
AT4G18960	AT4G37940
AT1G71692	AT4G37940
AT3G61120	AT4G37940
AT5G13790	AT4G37940
AT2G22630	AT4G37940
AT4G22950	AT4G37940
AT2G45660	AT4G37940
AT4G37940	AT4G37940
AT4G37940	AT5G62165
AT4G37940	AT2G14210
AT4G37940	AT2G45650
AT4G37940	AT5G60910
AT4G37940	AT1G69120
AT4G37940	AT3G02310
AT4G37940	AT3G58780
AT4G37940	AT2G42830
AT4G37940	AT2G22540
AT5G64750	AT1G65360
AT1G65360	AT3G61910
AT1G65360	AT5G37260
AT1G65360	AT4G18390
AT4G18960	AT4G24540
AT4G11880	AT4G24540
AT3G57230	AT4G24540
AT2G45660	AT4G24540
AT4G37940	AT4G24540
AT4G24540	AT4G24540
AT4G24540	AT2G45650
AT4G24540	AT5G60910
AT4G24540	AT1G69120
AT4G24540	AT3G58780
AT2G34440	AT3G61910
AT5G26650	AT5G60440
AT5G26650	AT5G39810
AT5G26650	AT5G47220
AT5G26650	AT5G65210
AT1G01530	AT1G65300
AT4G18960	AT5G27130
AT3G18650	AT5G27130
AT5G27130	AT1G60040
AT5G27130	AT4G11250
AT5G27130	AT2G45650
AT5G27130	AT5G38740
AT5G27130	AT5G65330
AT5G27130	AT5G58890
AT5G27130	AT5G39810
AT5G27130	AT1G69120
AT5G27130	AT1G77080
AT3G57230	AT5G62165
AT5G62165	AT2G45650
AT2G14210	AT5G21120
AT2G14210	AT2G28160
AT2G14210	AT2G22540
AT4G11250	AT1G60920
AT4G11250	AT5G66300
AT4G11250	AT4G35550
AT3G57230	AT5G27070
AT5G27070	AT2G45650
AT5G27090	AT5G49490
AT4G11250	AT1G60880
AT3G04100	AT5G37260
AT3G04100	AT5G65210
AT1G28450	AT5G15840
AT1G28450	AT3G10480
AT2G24840	AT5G48670
AT1G65300	AT5G60440
AT5G60440	AT5G27960
AT1G18750	AT1G54330
AT1G18750	AT2G02450
AT2G45650	AT1G77980
AT1G18750	AT1G77980
AT1G77980	AT5G58890
AT1G77980	AT5G27960
AT1G77980	AT5G06500
AT1G77980	AT2G03710
AT1G77950	AT4G08150
AT1G77950	AT4G02590
AT5G41200	AT5G65210
AT1G60920	AT5G65330
AT1G60880	AT5G65330
AT2G45650	AT5G65330
AT5G38740	AT5G65330
AT3G30260	AT4G14410
AT3G30260	AT5G53290
AT3G30260	AT5G65210
AT5G60440	AT5G48670
AT5G27070	AT5G49490
AT5G49490	AT5G53290
AT1G54760	AT4G35550
AT1G65360	AT1G31630
AT1G01530	AT1G31630
AT2G45650	AT1G31630
AT5G60440	AT1G31630
AT1G18750	AT1G31630
AT5G58890	AT1G31630
AT1G31630	AT5G27960
AT1G31630	AT1G69120
AT1G31630	AT2G03710
AT1G31630	AT3G57920
AT1G31630	AT5G24590
AT5G64750	AT1G22590
AT1G22590	AT2G46530
AT1G22590	AT3G61910
AT5G49490	AT5G27580
AT2G45650	AT5G60910
AT5G60910	AT5G60910
AT5G60910	AT1G69120
AT3G66656	AT5G37260
AT3G18650	AT1G31640
AT1G65360	AT1G31640
AT2G45650	AT1G31640
AT5G60440	AT1G31640
AT5G65330	AT1G31640
AT5G27960	AT1G31640
AT1G31640	AT1G69120
AT1G31640	AT2G03710
AT1G31640	AT5G23260
AT1G69540	AT4G17785
AT4G18960	AT1G46408
AT5G27050	AT1G46408
AT3G18650	AT1G46408
AT1G22130	AT1G46408
AT5G26880	AT1G46408
AT5G40220	AT1G46408
AT4G11250	AT1G46408
AT5G27070	AT1G46408
AT2G45650	AT1G46408
AT5G60440	AT1G46408
AT1G18750	AT1G46408
AT5G40120	AT1G46408
AT5G38740	AT1G46408
AT5G65330	AT1G46408
AT5G58890	AT1G46408
AT1G22590	AT1G46408
AT5G27580	AT1G46408
AT5G27960	AT1G46408
AT1G46408	AT1G69120
AT1G46408	AT1G77080
AT1G46408	AT2G03710
AT1G46408	AT5G23260
AT3G18650	AT5G04640
AT5G40220	AT5G04640
AT4G11250	AT5G04640
AT5G40120	AT5G04640
AT5G38740	AT5G04640
AT5G65330	AT5G04640
AT5G58890	AT5G04640
AT4G18960	AT5G20240
AT4G18960	AT3G48430
AT4G18960	AT5G15800
AT4G18960	AT3G02310
AT4G18960	AT1G24260
AT4G18960	AT3G58780
AT5G06950	AT5G06960
AT5G06950	AT1G07530
AT5G67110	AT1G14920
AT5G67110	AT2G01570
AT5G67110	AT3G03450
AT2G16910	AT4G21330
AT1G62700	AT3G20310
AT1G62700	AT5G08190
AT2G45650	AT1G69120
AT1G69120	AT1G69120
AT1G69120	AT5G62000
AT1G69120	AT2G35940
AT1G69120	AT2G20570
AT1G69120	AT5G46880
AT1G69120	AT5G25220
AT1G69120	AT1G77080
AT1G69120	AT2G47190
AT1G69120	AT5G20240
AT1G69120	AT3G48430
AT1G69120	AT5G02030
AT1G69120	AT1G24260
AT1G69120	AT2G22540
AT1G69120	AT2G31070
AT1G69120	AT3G47620
AT1G69120	AT3G15030
AT1G69120	AT5G24590
AT1G69120	AT5G23260
AT3G61120	AT3G54340
AT1G69120	AT3G54340
AT3G54340	AT3G54340
AT3G54340	AT5G20240
AT3G54340	AT1G24260
AT1G79430	AT4G25470
AT1G79430	AT4G00150
AT1G79430	AT4G04890
AT1G79430	AT3G02150
AT2G28350	AT5G60450
AT1G59750	AT1G34310
AT1G34310	AT3G61830
AT1G34310	AT5G62000
AT1G34310	AT5G60450
AT1G34310	AT4G23980
AT1G34310	AT1G19850
AT1G35540	AT3G61830
AT1G59750	AT3G61830
AT3G61830	AT3G61830
AT3G61830	AT5G62000
AT3G61830	AT5G60450
AT3G61830	AT4G23980
AT3G61830	AT4G32010
AT3G61830	AT1G19850
AT3G19290	AT1G19220
AT1G22130	AT1G19220
AT5G62165	AT1G19220
AT1G31630	AT1G19220
AT1G19220	AT1G35240
AT1G19220	AT1G71260
AT1G19220	AT5G08130
AT1G19220	AT5G62430
AT1G19220	AT3G45170
AT1G19220	AT4G36620
AT1G19220	AT3G60530
AT1G19220	AT5G60480
AT1G19220	AT5G67060
AT1G19220	AT4G22700
AT1G19220	AT4G37540
AT1G19220	AT3G06120
AT1G19220	AT4G17785
AT1G19220	AT1G79180
AT1G19220	AT4G37780
AT1G19220	AT1G32510
AT1G19220	AT4G28500
AT1G19220	AT1G56010
AT1G19220	AT2G34720
AT1G19220	AT3G14020
AT1G19220	AT1G30500
AT1G19220	AT5G23090
AT1G19220	AT3G48590
AT1G19220	AT1G30490
AT1G19220	AT5G45710
AT1G19220	AT1G19510
AT1G19220	AT5G37260
AT1G19220	AT3G02310
AT1G19220	AT3G45150
AT1G19220	AT5G35550
AT1G19220	AT2G02740
AT1G59750	AT1G59750
AT1G35240	AT3G61910
AT1G35240	AT5G20730
AT1G35240	AT4G35550
AT1G34310	AT1G34390
AT1G59750	AT5G60450
AT5G60450	AT5G60450
AT3G61830	AT1G30330
AT1G30330	AT4G23980
AT1G30330	AT2G01570
AT1G59750	AT4G23980
AT5G62000	AT4G23980
AT1G35240	AT4G23980
AT5G60450	AT4G23980
AT4G23980	AT4G23980
AT4G23980	AT1G19850
AT1G67710	AT5G03790
AT1G67710	AT3G55210
AT1G67710	AT2G01760
AT2G37630	AT2G37630
AT2G37630	AT1G65620
AT2G37630	AT5G15840
AT2G37630	AT3G24520
AT2G37630	AT4G37260
AT1G65620	AT1G65620
AT1G65620	AT4G00220
AT1G65620	AT2G30340
AT1G65620	AT1G53230
AT1G54060	AT2G38880
AT1G54060	AT3G01970
AT2G30130	AT4G34530
AT2G30130	AT2G33835
AT2G30130	AT2G30340
AT2G30130	AT2G40470
AT2G30130	AT3G26620
AT2G30130	AT5G63090
AT2G30130	AT5G60970
AT5G08790	AT5G08790
AT5G08790	AT5G13910
AT2G25900	AT3G19860
AT2G25900	AT5G47370
AT2G25900	AT3G26620
AT2G25900	AT4G30980
AT2G25900	AT3G47620
AT4G32980	AT1G26260
AT4G32980	AT1G70510
AT4G32980	AT5G11060
AT4G32980	AT1G23380
AT4G32980	AT1G62990
AT5G26650	AT1G69780
AT1G69780	AT1G75390
AT1G69780	AT3G01220
AT1G69780	AT1G73410
AT1G69780	AT2G21400
AT1G69780	AT3G49850
AT5G39760	AT5G39760
AT5G39760	AT2G18550
AT5G39760	AT4G24660
AT5G39760	AT2G18350
AT5G39760	AT5G65410
AT5G39760	AT3G50890
AT5G39760	AT5G15210
AT5G39760	AT1G69600
AT4G13980	AT5G17800
AT4G13980	AT5G45710
AT4G11660	AT4G11660
AT4G21750	AT4G04890
AT4G18960	AT5G56110
AT5G42630	AT5G56110
AT5G56110	AT2G18550
AT5G56110	AT4G30980
AT4G00480	AT3G27920
AT4G00480	AT1G66370
AT4G00480	AT1G66380
AT4G00480	AT5G40330
AT4G00480	AT4G38620
AT4G00480	AT3G13540
AT4G00480	AT5G14750
AT4G00480	AT1G66390
AT4G00480	AT5G35550
AT5G42630	AT2G33860
AT1G71260	AT5G65210
AT4G21340	AT5G09750
AT4G21340	AT5G65210
AT2G45880	AT5G45300
AT1G18400	AT4G27950
AT1G18400	AT5G09750
AT1G18400	AT5G16560
AT1G18400	AT1G66470
AT1G18400	AT4G33880
AT1G18400	AT4G27330
AT1G18400	AT3G15030
AT4G36540	AT5G03740
AT4G36540	AT5G37260
AT4G36540	AT5G60970
AT4G32980	AT1G73830
AT1G73830	AT5G15840
AT1G19700	AT1G26260
AT1G19700	AT4G08150
AT1G19700	AT1G70510
AT1G19700	AT4G32040
AT1G19700	AT1G23380
AT1G19700	AT2G01570
AT4G18960	AT5G41410
AT5G41410	AT2G35940
AT5G41410	AT1G75410
AT5G41410	AT2G23760
AT5G41410	AT1G26260
AT5G41410	AT4G08150
AT5G41410	AT1G70510
AT5G41410	AT4G32040
AT5G41410	AT1G23380
AT5G41410	AT1G24260
AT1G19350	AT5G15840
AT1G19350	AT4G17460
AT3G56970	AT4G35550
AT3G56980	AT5G11260
AT3G56980	AT5G65210
AT2G41240	AT3G61910
AT5G04150	AT5G11260
AT5G54680	AT4G14410
AT4G14410	AT3G19860
AT5G39660	AT3G19860
AT4G35550	AT3G19860
AT5G64750	AT3G25710
AT3G25710	AT5G41315
AT5G43650	AT5G65210
AT5G08130	AT5G08130
AT5G08130	AT5G38860
AT5G08130	AT1G24590
AT5G08130	AT1G12980
AT5G08130	AT5G11590
AT5G08130	AT5G60120
AT5G08130	AT1G69010
AT1G69010	AT1G69010
AT1G69010	AT5G38860
AT1G69010	AT4G17785
AT1G69010	AT5G11590
AT4G32980	AT2G35940
AT1G19700	AT2G35940
AT2G35940	AT2G35940
AT2G35940	AT4G36870
AT2G35940	AT1G75410
AT2G35940	AT2G23760
AT2G35940	AT4G34610
AT2G35940	AT1G26260
AT2G35940	AT3G51080
AT2G35940	AT4G32010
AT2G35940	AT1G70510
AT2G35940	AT5G25220
AT2G35940	AT4G32040
AT2G35940	AT1G23380
AT2G35940	AT3G47620
AT2G37630	AT4G36870
AT5G41410	AT4G36870
AT4G36870	AT2G23760
AT4G36870	AT1G26260
AT4G36870	AT4G08150
AT4G36870	AT1G70510
AT4G36870	AT5G25220
AT4G36870	AT4G32040
AT4G36870	AT1G23380
AT1G19700	AT1G75410
AT1G75410	AT1G75410
AT1G75410	AT2G23760
AT1G75410	AT2G16400
AT1G75410	AT1G26260
AT1G75410	AT5G25220
AT1G75410	AT4G32040
AT1G75410	AT1G23380
AT1G75410	AT5G02030
AT4G32980	AT2G23760
AT1G19700	AT2G23760
AT2G23760	AT2G27220
AT2G23760	AT1G26260
AT2G23760	AT4G08150
AT2G23760	AT1G70510
AT2G23760	AT5G25220
AT2G23760	AT4G32040
AT2G23760	AT1G23380
AT2G23760	AT5G27910
AT2G23760	AT3G03450
AT2G23760	AT2G41940
AT2G27220	AT1G70510
AT2G27220	AT5G25220
AT2G27220	AT4G32040
AT2G27220	AT1G23380
AT2G27220	AT1G62990
AT4G34610	AT5G53950
AT4G34610	AT4G08150
AT4G34610	AT1G70510
AT4G34610	AT5G25220
AT4G34610	AT5G11060
AT4G34610	AT4G32040
AT4G34610	AT1G23380
AT4G34610	AT1G62990
AT4G34610	AT5G66300
AT2G16400	AT3G02990
AT2G16400	AT4G08150
AT2G16400	AT5G25220
AT2G16400	AT4G32040
AT2G16400	AT1G23380
AT2G16400	AT1G62990
AT2G16400	AT3G61910
AT2G16400	AT5G65210
AT2G27990	AT4G08150
AT2G27990	AT1G70510
AT5G45300	AT5G53200
AT3G47710	AT5G03720
AT3G47710	AT5G17800
AT2G01930	AT2G01930
AT2G01930	AT5G42520
AT2G01930	AT3G47620
AT2G01930	AT3G15030
AT1G14685	AT3G47620
AT1G68120	AT3G47620
AT1G68120	AT3G15030
AT2G01930	AT2G21240
AT2G21240	AT2G21240
AT2G21240	AT5G42520
AT5G64750	AT4G38910
AT4G38910	AT5G42520
AT5G42520	AT5G42520
AT2G35550	AT3G16870
AT2G35550	AT3G51080
AT2G35550	AT4G35550
AT5G37020	AT1G59640
AT5G26650	AT3G18550
AT5G38860	AT3G18550
AT3G18550	AT5G38800
AT3G18550	AT5G15840
AT3G18550	AT5G53950
AT3G18550	AT5G09750
AT3G18550	AT3G24520
AT3G18550	AT5G25220
AT3G18550	AT3G27785
AT3G18550	AT5G17800
AT3G18550	AT5G47640
AT3G18550	AT5G27910
AT3G18550	AT5G17300
AT3G18550	AT5G37260
AT3G18550	AT5G66350
AT3G18550	AT4G36260
AT3G18550	AT3G55980
AT3G18550	AT5G65210
AT3G18550	AT5G25160
AT4G36730	AT2G35530
AT2G40950	AT2G40950
AT2G40950	AT3G10800
AT2G40950	AT3G56660
AT2G40950	AT1G42990
AT3G54620	AT5G49450
AT5G49450	AT1G75390
AT5G28770	AT5G49450
AT4G34590	AT5G49450
AT3G51960	AT3G51960
AT3G24650	AT3G54620
AT3G54620	AT1G75390
AT3G54620	AT3G62420
AT3G54620	AT4G02640
AT3G54620	AT4G34590
AT2G17770	AT2G17770
AT2G17770	AT4G35900
AT3G10800	AT3G10800
AT3G10800	AT3G56660
AT3G10800	AT1G42990
AT3G10800	AT2G34720
AT3G10800	AT4G14540
AT3G10800	AT1G56170
AT2G42380	AT2G42380
AT2G42380	AT3G61910
AT2G42380	AT1G43700
AT5G49450	AT3G30530
AT3G30530	AT3G30530
AT3G30530	AT1G75390
AT3G30530	AT1G13600
AT2G42380	AT5G38800
AT5G38800	AT5G38800
AT3G58120	AT5G38800
AT5G60970	AT5G38800
AT5G53200	AT5G38800
AT3G62420	AT1G75390
AT5G28770	AT1G75390
AT3G16770	AT1G75390
AT3G57390	AT2G04038
AT3G18550	AT2G04038
AT5G38800	AT2G04038
AT2G04038	AT1G13600
AT3G23240	AT2G04038
AT2G28160	AT2G04038
AT4G34680	AT2G04038
AT3G02150	AT2G04038
AT2G31070	AT2G04038
AT3G47620	AT2G04038
AT3G15030	AT2G04038
AT5G60970	AT2G04038
AT4G35550	AT2G04038
AT3G56660	AT3G56660
AT3G62420	AT5G24800
AT3G62420	AT4G02640
AT3G62420	AT5G28770
AT3G62420	AT4G34590
AT1G68880	AT1G13600
AT5G49450	AT1G13600
AT5G38800	AT1G13600
AT1G75390	AT1G13600
AT3G62420	AT1G13600
AT1G13600	AT1G13600
AT4G34590	AT1G13600
AT1G42990	AT4G17785
AT1G42990	AT5G11590
AT3G58120	AT3G58120
AT3G58120	AT4G18390
AT3G58120	AT5G24590
AT3G58120	AT1G43700
AT5G24800	AT5G49450
AT5G24800	AT1G75390
AT5G24800	AT4G02640
AT5G24800	AT5G28770
AT5G24800	AT4G34590
AT5G27130	AT1G68880
AT3G18550	AT1G68880
AT2G28160	AT1G68880
AT3G61910	AT1G68880
AT5G38140	AT1G68880
AT2G31070	AT1G68880
AT3G47620	AT1G68880
AT3G15030	AT1G68880
AT5G65210	AT1G68880
AT3G24650	AT4G02640
AT4G02640	AT5G49450
AT4G02640	AT1G75390
AT4G02640	AT5G28770
AT4G02640	AT4G34590
AT5G28770	AT5G28770
AT5G28770	AT4G34590
AT5G41410	AT1G75080
AT1G75080	AT1G75080
AT1G75080	AT3G27810
AT1G75080	AT5G39820
AT1G75080	AT3G02150
AT1G75080	AT1G66350
AT1G75080	AT3G03450
AT1G75080	AT5G17490
AT1G75080	AT5G35770
AT1G75080	AT2G31070
AT1G75080	AT3G47620
AT1G75080	AT3G45150
AT1G75080	AT3G15030
AT4G24540	AT1G26310
AT1G26310	AT1G24260
AT1G26310	AT2G22540
AT4G25490	AT5G61420
AT2G46830	AT2G46830
AT2G46830	AT1G01060
AT2G46830	AT4G18390
AT4G26150	AT4G34530
AT4G36540	AT4G34530
AT4G34530	AT1G26260
AT4G34530	AT5G60480
AT4G34530	AT5G54070
AT4G34530	AT5G61420
AT4G34530	AT5G23000
AT4G34530	AT5G37260
AT5G39750	AT5G15840
AT5G42520	AT5G15840
AT5G15840	AT5G38800
AT5G15840	AT5G61600
AT5G15840	AT5G44190
AT5G15840	AT5G56860
AT5G15840	AT5G25220
AT5G65050	AT5G15850
AT5G15850	AT5G23000
AT5G15850	AT5G27910
AT3G02380	AT5G27910
AT2G24790	AT5G27910
AT5G24930	AT5G27910
AT5G15840	AT3G05690
AT5G15840	AT2G38880
AT5G15840	AT5G47640
AT5G15840	AT3G48590
AT5G15840	AT1G56170
AT5G15840	AT1G54830
AT5G15840	AT5G27910
AT5G15840	AT1G08970
AT5G15840	AT5G65210
AT2G46410	AT1G63650
AT2G46410	AT5G41315
AT2G46410	AT5G53200
AT5G45300	AT4G01060
AT4G34530	AT4G01060
AT4G01060	AT5G02840
AT4G01060	AT4G09820
AT5G15160	AT2G31280
AT2G31280	AT2G33860
AT2G31280	AT5G37260
AT2G31280	AT2G41940
AT4G11140	AT4G11140
AT4G11140	AT4G23750
AT4G11140	AT5G53290
AT4G11140	AT4G27950
AT4G11140	AT2G46310
AT4G11140	AT3G61630
AT4G11140	AT5G11260
AT4G23750	AT4G23750
AT4G23750	AT5G53290
AT4G23750	AT4G27950
AT4G23750	AT2G46310
AT4G23750	AT3G61630
AT5G65050	AT5G53290
AT5G53290	AT5G53290
AT5G53290	AT4G27950
AT5G53290	AT2G46310
AT5G53290	AT3G61630
AT4G27950	AT4G27950
AT4G27950	AT2G46310
AT4G27950	AT3G61630
AT4G27950	AT5G27910
AT2G46310	AT2G46310
AT2G46310	AT3G61630
AT2G46310	AT4G35550
AT3G61630	AT3G61630
AT3G61630	AT4G31920
AT3G15170	AT3G15170
AT3G15170	AT5G53950
AT3G15170	AT1G76420
AT5G53950	AT5G53950
AT5G53950	AT1G76420
AT5G53950	AT5G60970
AT5G53950	AT5G60120
AT1G76420	AT1G76420
AT1G76420	AT5G17800
AT1G76420	AT3G61910
AT1G76420	AT5G50820
AT1G76420	AT4G18390
AT5G15840	AT2G40140
AT5G15850	AT2G40140
AT2G40140	AT5G37260
AT2G40140	AT4G18390
AT2G40140	AT5G24590
AT3G61850	AT1G14920
AT3G48160	AT5G65210
AT5G02470	AT5G22220
AT5G02470	AT2G36010
AT5G02470	AT5G24590
AT5G03415	AT5G22220
AT5G03415	AT2G36010
AT1G49720	AT3G44460
AT4G34000	AT3G44460
AT3G56850	AT3G44460
AT3G44460	AT1G14920
AT1G24590	AT1G28360
AT1G24590	AT1G53170
AT1G24590	AT1G73410
AT1G24590	AT4G36930
AT1G24590	AT5G60120
AT4G21330	AT4G21330
AT1G63650	AT1G63650
AT1G63650	AT1G14920
AT1G63650	AT5G41315
AT1G63650	AT2G01570
AT1G63650	AT5G65210
AT2G27050	AT1G32640
AT5G21120	AT5G54070
AT5G21120	AT5G38140
AT2G27050	AT1G73730
AT3G20770	AT1G32640
AT5G51870	AT1G03800
AT5G39750	AT1G03800
AT1G79430	AT1G03800
AT1G73830	AT1G03800
AT1G03800	AT2G30420
AT1G03800	AT5G56860
AT1G03800	AT4G37790
AT1G03800	AT1G23420
AT1G03800	AT1G31320
AT1G03800	AT1G67100
AT1G03800	AT1G77080
AT1G03800	AT3G09370
AT1G03800	AT1G79180
AT1G03800	AT2G37060
AT1G03800	AT5G38140
AT1G03800	AT3G45150
AT1G28370	AT1G53230
AT5G41410	AT1G28360
AT1G28360	AT2G20570
AT1G28360	AT2G18550
AT1G28360	AT2G30340
AT1G28360	AT1G31320
AT1G28360	AT1G32540
AT1G28360	AT3G27810
AT1G28360	AT3G61910
AT1G28360	AT5G39820
AT1G28360	AT3G20910
AT1G28360	AT3G02150
AT1G28360	AT3G47620
AT1G28360	AT1G53230
AT1G28360	AT3G15030
AT1G28360	AT5G60120
AT1G28360	AT4G35550
AT1G04370	AT1G79180
AT4G36540	AT3G23240
AT3G23240	AT3G60530
AT1G50640	AT3G61910
AT3G18550	AT3G15210
AT3G15210	AT4G40060
AT3G15210	AT5G15210
AT3G15210	AT4G17785
AT3G15210	AT5G39820
AT3G15210	AT3G47620
AT3G15210	AT3G45150
AT3G15210	AT5G60120
AT4G32980	AT4G17490
AT4G17490	AT4G18390
AT3G20310	AT5G17800
AT3G20310	AT5G65210
AT2G45190	AT1G53170
AT4G30080	AT1G53170
AT5G41410	AT1G53170
AT1G53170	AT2G18550
AT1G53170	AT4G32010
AT1G53170	AT3G27810
AT1G53170	AT2G23290
AT1G53170	AT4G37260
AT1G53170	AT5G18240
AT1G53170	AT5G39820
AT1G53170	AT3G02150
AT1G53170	AT5G18560
AT1G53170	AT3G45150
AT1G53170	AT4G18390
AT1G53170	AT1G53230
AT1G53170	AT3G15030
AT1G53170	AT5G60120
AT1G53170	AT4G13640
AT5G44210	AT5G60120
AT1G24590	AT1G12980
AT5G56780	AT3G26790
AT5G53290	AT2G30420
AT5G21120	AT2G30420
AT2G30420	AT3G51080
AT2G30420	AT5G24590
AT2G45190	AT2G33860
AT2G33860	AT2G33860
AT2G33860	AT3G02150
AT2G33860	AT3G47620
AT2G33860	AT3G15030
AT2G33860	AT5G60970
AT2G33860	AT5G60120
AT4G35900	AT4G35900
AT5G39750	AT2G33835
AT5G41410	AT2G33835
AT3G47710	AT2G33835
AT3G18550	AT2G33835
AT5G24930	AT2G33835
AT2G40140	AT2G33835
AT2G33835	AT4G17460
AT2G33835	AT5G47370
AT2G33835	AT4G36990
AT2G33835	AT3G02150
AT2G33835	AT3G47620
AT2G33835	AT3G45150
AT2G33835	AT5G08070
AT2G33835	AT3G15030
AT2G33835	AT5G60970
AT2G46830	AT3G22170
AT3G22170	AT3G22170
AT3G22170	AT5G11260
AT3G22170	AT1G01060
AT3G22170	AT2G20180
AT5G10140	AT2G22540
AT3G25710	AT3G24140
AT3G24140	AT3G26744
AT3G24140	AT1G12860
AT1G54060	AT1G10240
AT1G10240	AT2G31070
AT1G10240	AT3G15030
AT5G18960	AT5G38800
AT5G18960	AT5G47370
AT2G32250	AT4G35550
AT2G33835	AT2G27110
AT2G27110	AT4G38180
AT2G27110	AT3G01220
AT2G27110	AT3G27650
AT2G27110	AT3G20910
AT2G27110	AT5G37260
AT2G27110	AT4G24470
AT2G27110	AT3G21175
AT2G33835	AT1G76320
AT1G76320	AT4G35550
AT4G38180	AT5G37260
AT4G38180	AT5G65210
AT3G56970	AT2G28160
AT3G56980	AT2G28160
AT2G41240	AT2G28160
AT5G04150	AT2G28160
AT3G47710	AT2G28160
AT2G27050	AT2G28160
AT3G20770	AT2G28160
AT2G28160	AT3G24520
AT2G28160	AT5G65210
AT2G28160	AT5G24590
AT4G25530	AT4G25530
AT5G64750	AT1G14920
AT1G31630	AT1G14920
AT4G21750	AT1G14920
AT5G41410	AT1G14920
AT1G19700	AT1G14920
AT2G23760	AT1G14920
AT3G54620	AT1G14920
AT5G28770	AT1G14920
AT5G53950	AT1G14920
AT3G16770	AT1G14920
AT5G21120	AT1G14920
AT1G53170	AT1G14920
AT1G12980	AT1G14920
AT2G33835	AT1G14920
AT1G14920	AT3G60530
AT1G14920	AT5G41315
AT1G14920	AT4G17460
AT1G14920	AT5G15150
AT1G14920	AT3G50330
AT1G14920	AT5G54070
AT1G14920	AT3G50700
AT1G14920	AT2G02080
AT1G14920	AT5G16560
AT1G14920	AT5G25220
AT1G14920	AT3G27920
AT1G14920	AT4G17785
AT1G14920	AT1G73410
AT1G14920	AT2G02450
AT1G14920	AT3G10480
AT1G14920	AT3G29035
AT1G14920	AT4G04890
AT1G14920	AT3G02150
AT1G14920	AT2G01760
AT1G14920	AT4G36930
AT1G14920	AT2G31380
AT1G14920	AT1G06040
AT1G14920	AT1G67260
AT1G14920	AT2G31070
AT1G14920	AT3G47620
AT1G14920	AT3G45150
AT1G14920	AT5G08070
AT1G14920	AT4G18390
AT1G14920	AT1G53230
AT1G14920	AT5G60970
AT1G14920	AT5G60120
AT1G14920	AT1G69810
AT1G14920	AT2G41940
AT1G08010	AT3G45170
AT3G45170	AT3G60530
AT3G45170	AT4G36240
AT3G16870	AT3G51080
AT3G16870	AT4G17785
AT3G16870	AT3G61910
AT3G16870	AT4G17980
AT3G16870	AT4G18390
AT5G39750	AT4G34680
AT5G62165	AT3G60530
AT5G15840	AT3G51080
AT3G51080	AT5G20240
AT3G51080	AT5G23260
AT4G32890	AT5G37260
AT4G36730	AT5G44190
AT4G36730	AT2G20570
AT4G36730	AT5G11260
AT4G36730	AT3G17609
AT4G01120	AT5G11260
AT4G01120	AT2G46270
AT2G46270	AT1G03970
AT2G46270	AT2G20570
AT3G56850	AT1G03970
AT1G19220	AT1G03970
AT4G36540	AT1G03970
AT2G41070	AT1G03970
AT4G01120	AT1G03970
AT1G03970	AT1G77080
AT5G15850	AT4G34590
AT4G34590	AT4G34590
AT4G34590	AT2G31070
AT5G27090	AT5G06650
AT5G06650	AT5G65210
AT3G58070	AT4G18390
AT3G58070	AT5G65210
AT1G79840	AT5G40330
AT5G41315	AT5G41315
AT5G41315	AT3G27920
AT5G41315	AT5G40330
AT5G41315	AT5G14750
AT5G41315	AT1G66390
AT5G41315	AT1G71030
AT5G41315	AT2G01570
AT5G41315	AT5G53200
AT5G53290	AT5G44190
AT5G15840	AT1G31140
AT1G31140	AT3G47620
AT1G31140	AT3G15030
AT2G45190	AT2G20570
AT5G39660	AT2G20570
AT5G53950	AT2G20570
AT2G33860	AT2G20570
AT3G58070	AT2G20570
AT2G20570	AT5G63090
AT2G20570	AT2G34720
AT2G20570	AT3G20910
AT2G20570	AT4G01500
AT2G20570	AT5G37260
AT2G20570	AT4G27330
AT2G20570	AT5G60970
AT2G20570	AT2G41940
AT3G56850	AT4G37740
AT5G03415	AT4G37740
AT4G37740	AT4G37740
AT4G37740	AT2G45480
AT4G37740	AT5G09750
AT4G37740	AT2G40470
AT4G37740	AT4G02560
AT4G37740	AT5G20240
AT4G37740	AT2G43010
AT4G37740	AT2G42830
AT4G37740	AT4G31800
AT4G37740	AT1G80840
AT5G38860	AT3G52910
AT3G52910	AT3G61910
AT3G56850	AT5G53660
AT1G76890	AT4G37260
AT1G33240	AT3G28917
AT1G33240	AT2G34720
AT1G33240	AT3G02150
AT1G33240	AT2G31070
AT5G61420	AT3G01140
AT5G15850	AT4G00150
AT4G00150	AT4G18390
AT4G00150	AT4G13640
AT5G06710	AT5G47370
AT4G17460	AT5G47370
AT4G17460	AT4G37790
AT5G06710	AT4G37790
AT5G47370	AT4G37790
AT4G37790	AT5G41090
AT4G37790	AT5G24590
AT3G19510	AT3G61910
AT3G19510	AT4G35550
AT4G17460	AT3G60390
AT5G06710	AT3G60390
AT5G47370	AT3G60390
AT4G37790	AT3G60390
AT3G60390	AT4G16780
AT3G11020	AT2G22800
AT4G17460	AT2G22800
AT5G47370	AT2G22800
AT4G37790	AT2G22800
AT2G22800	AT4G16780
AT2G22800	AT3G61910
AT2G22800	AT5G37260
AT1G53170	AT3G61890
AT3G61890	AT5G54230
AT3G61890	AT5G37260
AT2G01430	AT2G01430
AT4G17460	AT1G70920
AT5G47370	AT1G70920
AT4G37790	AT1G70920
AT3G60390	AT1G70920
AT2G22800	AT1G70920
AT4G16780	AT1G70920
AT1G70920	AT2G44910
AT1G70920	AT5G65210
AT3G01470	AT3G01470
AT3G01470	AT3G49850
AT5G38740	AT3G01220
AT3G01220	AT5G15210
AT3G01220	AT5G38140
AT3G01220	AT3G02150
AT3G01220	AT3G47620
AT3G01220	AT3G45150
AT3G01220	AT3G15030
AT3G01220	AT5G60970
AT3G01220	AT5G65210
AT2G18550	AT5G38800
AT2G18550	AT2G04038
AT3G15210	AT2G18550
AT5G44210	AT2G18550
AT3G01220	AT2G18550
AT2G18550	AT4G24660
AT2G18550	AT5G39760
AT2G18550	AT5G65410
AT2G18550	AT5G42780
AT2G18550	AT3G50890
AT2G18550	AT5G09750
AT2G18550	AT2G41690
AT2G18550	AT4G08150
AT2G18550	AT5G25220
AT2G18550	AT5G17800
AT2G18550	AT2G13570
AT2G18550	AT5G27910
AT2G18550	AT3G02150
AT2G18550	AT5G37260
AT2G18550	AT2G04890
AT2G18550	AT2G30432
AT2G18550	AT5G53200
AT2G18550	AT3G01970
AT2G18550	AT1G69600
AT4G24660	AT4G24660
AT4G24660	AT2G18350
AT4G24660	AT5G65410
AT4G24660	AT3G50890
AT4G24660	AT5G15210
AT4G24660	AT1G69600
AT5G43650	AT5G39760
AT5G39760	AT5G42780
AT5G39760	AT1G54330
AT5G39760	AT5G65210
AT5G26650	AT2G18350
AT5G21120	AT2G18350
AT2G18350	AT5G15210
AT2G18350	AT3G28920
AT2G18350	AT5G25220
AT2G18350	AT1G69600
AT2G18350	AT5G65410
AT5G65410	AT3G50890
AT5G65410	AT5G15210
AT5G65410	AT1G14440
AT5G65410	AT1G75240
AT5G65410	AT1G69600
AT5G64750	AT5G60480
AT5G53290	AT5G42780
AT5G42780	AT5G65210
AT5G42780	AT3G50890
AT3G50890	AT5G15210
AT3G50890	AT1G69600
AT4G17460	AT4G16780
AT5G06710	AT4G16780
AT5G47370	AT4G16780
AT4G37790	AT4G16780
AT4G16780	AT4G16780
AT4G16780	AT5G37260
AT5G42780	AT5G15210
AT5G15210	AT5G15210
AT5G15210	AT1G14440
AT5G15210	AT1G75240
AT5G15210	AT5G17800
AT5G15210	AT1G54330
AT5G15210	AT5G17300
AT5G15210	AT5G37260
AT5G15210	AT5G65210
AT5G15210	AT1G69600
AT5G15210	AT5G25160
AT4G24660	AT1G14440
AT3G50890	AT1G14440
AT1G14440	AT1G75240
AT1G14440	AT3G28920
AT1G14440	AT3G28917
AT1G14440	AT1G69600
AT1G14687	AT5G38800
AT5G39760	AT1G14687
AT5G42780	AT1G14687
AT5G39760	AT1G75240
AT2G18550	AT1G75240
AT4G24660	AT1G75240
AT3G50890	AT1G75240
AT1G75240	AT3G28920
AT1G75240	AT3G28917
AT1G75240	AT1G69600
AT5G39760	AT3G28920
AT4G24660	AT3G28920
AT5G65410	AT3G28920
AT5G42780	AT3G28920
AT3G50890	AT3G28920
AT5G15210	AT3G28920
AT3G28920	AT5G17800
AT3G28920	AT5G37260
AT3G28920	AT5G11590
AT3G28920	AT4G35550
AT3G28920	AT1G69600
AT5G15150	AT5G16560
AT5G15150	AT5G60120
AT4G17460	AT2G44910
AT5G47370	AT2G44910
AT4G37790	AT2G44910
AT4G16780	AT2G44910
AT5G15840	AT5G03790
AT3G61890	AT5G65310
AT4G40060	AT5G65310
AT5G65310	AT5G65310
AT5G65310	AT2G22430
AT5G46880	AT5G65310
AT5G46880	AT5G02840
AT5G46880	AT3G49850
AT5G45300	AT5G03740
AT1G73360	AT4G17710
AT3G61150	AT5G11190
AT5G64750	AT1G05230
AT2G22630	AT1G05230
AT2G40140	AT1G05230
AT1G05230	AT1G35515
AT1G05230	AT3G01140
AT1G05230	AT2G02450
AT1G05230	AT3G44350
AT1G05230	AT2G01940
AT1G05230	AT5G11190
AT1G05230	AT5G08070
AT1G05230	AT5G60970
AT1G05230	AT4G18170
AT5G67110	AT5G67060
AT5G67110	AT3G50330
AT5G15850	AT3G50330
AT3G50330	AT3G50330
AT3G50330	AT4G00120
AT3G50330	AT3G61910
AT3G50330	AT4G18390
AT3G50330	AT5G65210
AT5G67110	AT5G09750
AT5G09750	AT5G13910
AT5G09750	AT5G20240
AT5G09750	AT5G18560
AT5G09750	AT5G37260
AT5G09750	AT5G11190
AT5G09750	AT5G60970
AT1G02340	AT3G19860
AT5G39660	AT1G02340
AT1G02340	AT1G02340
AT1G02340	AT1G65910
AT1G02340	AT3G61910
AT1G02340	AT1G09530
AT1G02340	AT2G43010
AT1G02340	AT2G46970
AT1G02340	AT3G59060
AT1G02340	AT5G24590
AT4G00150	AT1G35515
AT1G35515	AT3G61910
AT1G35515	AT5G27910
AT1G35515	AT4G18390
AT4G17750	AT4G17750
AT4G17750	AT5G16820
AT4G17750	AT3G49850
AT5G16820	AT5G16820
AT5G16820	AT5G54070
AT4G36990	AT4G36990
AT5G62000	AT1G32330
AT1G32330	AT3G06120
AT5G27130	AT3G02990
AT4G36780	AT3G02990
AT4G17750	AT2G26150
AT5G16820	AT2G26150
AT2G26150	AT2G26150
AT5G08130	AT5G03720
AT5G03720	AT5G43840
AT5G43840	AT1G28520
AT5G03720	AT3G51910
AT3G51910	AT4G18390
AT3G51910	AT4G35550
AT3G57230	AT2G41690
AT3G15210	AT2G41690
AT5G15210	AT2G41690
AT2G41690	AT3G02150
AT2G41690	AT3G47620
AT2G41690	AT3G15030
AT2G41690	AT4G35550
AT5G15210	AT3G24520
AT5G03720	AT3G24520
AT5G43840	AT3G24520
AT3G51910	AT3G24520
AT3G24520	AT3G47620
AT3G61830	AT2G30470
AT4G32010	AT5G17490
AT2G46830	AT5G11260
AT5G11260	AT5G11260
AT5G11260	AT3G17609
AT5G11260	AT1G09530
AT5G11260	AT2G20180
AT5G11260	AT2G31380
AT5G11260	AT1G75540
AT3G17609	AT4G17785
AT3G17609	AT1G09530
AT3G17609	AT2G20180
AT3G17609	AT5G65210
AT3G26744	AT3G23250
AT3G26744	AT1G49770
AT3G26744	AT1G12860
AT2G45190	AT1G68130
AT1G68130	AT2G01940
AT1G68130	AT3G15030
AT5G54680	AT3G47640
AT4G00120	AT4G36930
AT5G64750	AT1G23420
AT5G62000	AT1G23420
AT5G08130	AT1G23420
AT5G21120	AT1G23420
AT3G15210	AT1G23420
AT1G53170	AT1G23420
AT2G33860	AT1G23420
AT4G36240	AT1G23420
AT2G46270	AT1G23420
AT5G44190	AT1G23420
AT2G20570	AT1G23420
AT3G01220	AT1G23420
AT2G18550	AT1G23420
AT5G15210	AT1G23420
AT1G68130	AT1G23420
AT1G23420	AT5G16560
AT1G23420	AT4G17695
AT1G23420	AT5G17800
AT1G23420	AT5G67300
AT1G23420	AT5G27910
AT1G23420	AT4G01500
AT1G23420	AT2G46970
AT1G23420	AT3G02150
AT1G23420	AT2G01940
AT1G23420	AT3G47620
AT1G23420	AT4G18390
AT1G23420	AT3G15030
AT1G23420	AT4G31800
AT4G17695	AT4G18390
AT4G17695	AT5G65210
AT4G17695	AT5G25160
AT5G16560	AT1G32240
AT5G16560	AT5G17490
AT4G32980	AT4G08150
AT1G75410	AT4G08150
AT4G32010	AT4G08150
AT4G08150	AT4G08150
AT4G08150	AT5G25220
AT4G08150	AT5G11060
AT4G08150	AT1G62990
AT4G08150	AT5G40330
AT4G08150	AT4G17785
AT4G08150	AT5G17490
AT4G08150	AT5G02030
AT4G08150	AT5G08070
AT4G08150	AT5G24590
AT4G08150	AT5G60120
AT2G16400	AT1G70510
AT1G26260	AT5G25220
AT5G25220	AT5G11060
AT5G25220	AT5G26660
AT5G25220	AT5G35550
AT5G11060	AT1G62990
AT1G26260	AT4G32040
AT4G32040	AT4G32040
AT4G32040	AT1G23380
AT4G32040	AT1G62990
AT4G32040	AT5G27910
AT5G53290	AT1G23380
AT1G23380	AT1G62990
AT1G23380	AT3G14020
AT3G24140	AT1G62990
AT1G62990	AT1G62990
AT1G62990	AT3G61910
AT1G62990	AT3G47620
AT1G62990	AT4G02590
AT2G23660	AT2G23660
AT2G23660	AT3G47870
AT2G30340	AT5G63090
AT2G42430	AT2G42430
AT2G42430	AT2G45420
AT2G45420	AT2G45420
AT2G45420	AT3G26620
AT2G45420	AT5G37260
AT5G66700	AT3G11090
AT3G11090	AT3G26620
AT3G11090	AT5G63090
AT3G11090	AT5G17800
AT3G11090	AT3G46640
AT4G00220	AT3G26620
AT3G26620	AT5G63090
AT3G26620	AT4G17785
AT3G26620	AT5G17300
AT3G26620	AT5G35770
AT3G26620	AT3G47620
AT3G27650	AT3G61910
AT3G27650	AT3G47620
AT3G27650	AT4G35550
AT3G27940	AT5G38800
AT3G27940	AT5G43250
AT3G27940	AT4G18390
AT3G47870	AT3G61910
AT3G47870	AT5G27910
AT3G47870	AT5G65210
AT4G21340	AT3G49940
AT3G49940	AT5G27910
AT3G49940	AT5G18560
AT3G49940	AT4G35550
AT4G37540	AT5G65210
AT5G08790	AT1G67100
AT1G67100	AT5G11590
AT5G43650	AT3G02550
AT4G00220	AT1G31320
AT2G30340	AT1G31320
AT2G40470	AT1G31320
AT2G42430	AT1G31320
AT3G26620	AT1G31320
AT1G31320	AT5G63090
AT5G15840	AT5G02840
AT5G02840	AT5G13910
AT4G02560	AT1G30970
AT1G28360	AT1G21970
AT1G53170	AT1G21970
AT1G21970	AT5G27910
AT5G61850	AT5G61850
AT3G18650	AT1G01060
AT1G01060	AT1G01060
AT1G01060	AT1G48000
AT1G01060	AT3G61910
AT1G01060	AT4G18390
AT2G37630	AT5G63090
AT1G65620	AT5G63090
AT1G18400	AT5G63090
AT4G36540	AT5G63090
AT2G20570	AT1G32540
AT1G32540	AT3G61910
AT1G32540	AT5G65210
AT4G30980	AT5G24590
AT5G12330	AT5G66350
AT5G67110	AT1G77080
AT1G77080	AT4G17785
AT5G67110	AT1G25310
AT1G25310	AT1G54330
AT1G25310	AT3G61910
AT1G25310	AT1G66470
AT1G19220	AT1G03840
AT1G03840	AT2G01570
AT5G53290	AT3G28917
AT5G39760	AT3G28917
AT5G42780	AT3G28917
AT3G50890	AT3G28917
AT5G15210	AT3G28917
AT3G28920	AT3G28917
AT3G50870	AT3G50870
AT3G50870	AT5G18560
AT1G19850	AT1G19850
AT1G19850	AT5G20730
AT3G26744	AT3G06120
AT3G06120	AT1G12860
AT2G46410	AT3G27920
AT3G27920	AT3G27920
AT3G27920	AT5G40330
AT3G27920	AT5G52600
AT3G27920	AT2G01570
AT2G32460	AT3G61910
AT2G40140	AT1G69560
AT1G69560	AT5G17800
AT1G69560	AT3G61910
AT1G69560	AT2G04890
AT1G69560	AT2G31070
AT1G69560	AT3G47620
AT1G69560	AT3G45150
AT1G69560	AT3G15030
AT5G15850	AT3G01140
AT3G61630	AT3G01140
AT5G15210	AT3G01140
AT3G01140	AT3G47620
AT3G01140	AT3G15030
AT5G08790	AT3G06490
AT5G27090	AT1G48000
AT3G18550	AT1G48000
AT5G15850	AT1G48000
AT4G11140	AT1G48000
AT5G53950	AT1G48000
AT4G40060	AT1G48000
AT3G17609	AT1G48000
AT5G13910	AT1G48000
AT5G65080	AT1G48000
AT1G48000	AT1G71030
AT1G48000	AT5G08190
AT1G48000	AT1G67260
AT1G48000	AT2G31070
AT1G48000	AT3G47620
AT1G48000	AT3G45150
AT1G48000	AT5G08070
AT1G48000	AT3G15030
AT1G48000	AT4G35550
AT1G48000	AT5G22570
AT4G08150	AT1G66380
AT3G18550	AT1G26780
AT5G15850	AT1G26780
AT3G28920	AT1G26780
AT1G26780	AT2G02450
AT1G26780	AT2G27300
AT1G26780	AT3G02150
AT1G26780	AT5G45710
AT1G26780	AT1G67260
AT1G26780	AT2G31070
AT1G26780	AT3G47620
AT1G26780	AT3G15030
AT1G26780	AT4G35550
AT1G26780	AT4G01720
AT5G47140	AT3G27785
AT1G74080	AT1G32640
AT1G74080	AT5G46830
AT2G47460	AT5G37260
AT2G31180	AT5G41090
AT2G31180	AT5G65210
AT3G09230	AT4G06746
AT3G09230	AT4G35550
AT3G60530	AT3G27810
AT3G27810	AT3G27810
AT3G27810	AT5G40350
AT3G27810	AT5G17800
AT3G27810	AT5G46830
AT5G40350	AT5G40350
AT5G40350	AT5G46830
AT5G61420	AT1G32640
AT5G61420	AT5G46830
AT5G07690	AT1G32640
AT5G07690	AT5G46830
AT2G47190	AT1G32640
AT5G15840	AT4G34990
AT4G34990	AT5G41090
AT5G60890	AT1G32640
AT5G60890	AT5G46830
AT5G15160	AT4G17785
AT4G38910	AT4G17785
AT5G10140	AT4G17785
AT4G38180	AT4G17785
AT4G36620	AT4G17785
AT5G25220	AT4G17785
AT4G22700	AT4G17785
AT4G34990	AT4G17785
AT4G17785	AT4G18390
AT4G17785	AT5G35550
AT4G17785	AT4G35550
AT3G48160	AT3G09370
AT5G22220	AT3G09370
AT5G02320	AT5G25160
AT1G22640	AT3G15030
AT5G53290	AT4G12350
AT4G12350	AT5G65210
AT3G01220	AT1G18710
AT1G18710	AT1G54330
AT2G36270	AT5G54230
AT5G54230	AT5G54230
AT5G54230	AT5G37260
AT4G23980	AT1G57560
AT5G15840	AT1G57560
AT1G57560	AT5G06960
AT1G52150	AT1G18570
AT1G18570	AT4G26930
AT1G18570	AT1G32640
AT1G18570	AT5G46830
AT2G33835	AT1G17950
AT4G34680	AT1G17950
AT4G17785	AT1G17950
AT1G17950	AT3G11440
AT1G17950	AT5G67300
AT1G17950	AT3G61910
AT4G30080	AT1G73410
AT4G08150	AT1G73410
AT2G31310	AT1G73410
AT1G73410	AT4G37260
AT1G73410	AT3G61910
AT1G73410	AT5G39820
AT1G73410	AT3G03450
AT1G73410	AT5G17490
AT1G73410	AT5G65210
AT5G64750	AT5G17800
AT5G41200	AT5G17800
AT1G19350	AT5G17800
AT5G42520	AT5G17800
AT5G17800	AT5G49450
AT5G28770	AT5G17800
AT5G39760	AT5G17800
AT5G67060	AT5G17800
AT5G25220	AT5G17800
AT5G17800	AT5G17800
AT5G17800	AT4G33450
AT5G17800	AT5G37260
AT5G17800	AT5G60970
AT3G13540	AT3G47620
AT3G13540	AT3G15030
AT3G13540	AT5G22570
AT1G68320	AT3G61910
AT5G27580	AT3G11440
AT4G34610	AT3G11440
AT3G11440	AT5G38800
AT3G52910	AT3G11440
AT3G11440	AT5G02030
AT2G46410	AT5G14750
AT5G21120	AT3G12720
AT3G12720	AT5G17300
AT5G15840	AT4G33450
AT5G15210	AT4G33450
AT4G33450	AT4G35550
AT4G09460	AT4G18390
AT4G09460	AT4G35550
AT5G67110	AT2G23290
AT2G23290	AT3G50060
AT2G23290	AT5G67300
AT2G23290	AT5G11270
AT2G23290	AT5G37260
AT2G23290	AT4G18390
AT2G23290	AT5G53200
AT4G37260	AT5G67300
AT5G07700	AT1G32640
AT5G07700	AT5G46830
AT3G50060	AT3G50060
AT3G50060	AT5G67300
AT3G50060	AT3G61910
AT3G50060	AT5G20730
AT3G50060	AT4G18390
AT3G50060	AT5G11590
AT2G26960	AT3G61910
AT2G26960	AT5G38140
AT5G41315	AT5G52600
AT5G52600	AT5G52600
AT4G17785	AT3G49690
AT5G17800	AT3G47600
AT3G47600	AT3G61910
AT4G32980	AT1G71030
AT1G19350	AT1G71030
AT5G67300	AT5G67300
AT1G14920	AT1G32640
AT4G36730	AT1G32640
AT3G27810	AT1G32640
AT5G40330	AT1G32640
AT5G40350	AT1G32640
AT1G32640	AT1G32640
AT1G32640	AT2G01570
AT1G32640	AT1G66350
AT1G32640	AT3G03450
AT1G32640	AT5G17490
AT5G18240	AT5G18240
AT1G01010	AT1G54330
AT1G01010	AT1G65910
AT1G01010	AT5G65210
AT4G34530	AT1G02220
AT1G02220	AT5G23090
AT1G02220	AT2G13570
AT5G41200	AT1G02230
AT4G36540	AT1G02230
AT1G02230	AT5G38140
AT1G02230	AT4G35550
AT1G28470	AT5G65210
AT1G32510	AT1G77450
AT1G32510	AT2G33480
AT1G32510	AT5G50820
AT5G49490	AT1G32770
AT1G69540	AT1G32770
AT5G06650	AT1G32770
AT1G69560	AT1G32770
AT1G32770	AT5G50820
AT1G32770	AT3G48590
AT1G32770	AT5G02030
AT1G32770	AT2G04890
AT1G32770	AT5G11190
AT1G32770	AT2G31070
AT1G32770	AT5G08070
AT3G13540	AT1G33280
AT1G33280	AT5G50820
AT2G36270	AT1G52890
AT1G52890	AT1G77450
AT2G22630	AT1G54330
AT1G65360	AT1G54330
AT5G39750	AT1G54330
AT5G49490	AT1G54330
AT3G25710	AT1G54330
AT5G08130	AT1G54330
AT4G01060	AT1G54330
AT2G32250	AT1G54330
AT3G16870	AT1G54330
AT5G26930	AT1G54330
AT4G01120	AT1G54330
AT3G58070	AT1G54330
AT5G06650	AT1G54330
AT3G01220	AT1G54330
AT2G18350	AT1G54330
AT5G42780	AT1G54330
AT3G27940	AT1G54330
AT3G49940	AT1G54330
AT1G67100	AT1G54330
AT5G65080	AT1G54330
AT3G09230	AT1G54330
AT4G12350	AT1G54330
AT5G67300	AT1G54330
AT1G54330	AT5G22380
AT1G54330	AT2G13570
AT1G54330	AT5G18560
AT1G54330	AT2G22540
AT1G54330	AT3G49850
AT1G54330	AT2G30432
AT1G54330	AT2G42410
AT1G54330	AT5G25160
AT5G47230	AT1G65910
AT1G65910	AT3G29035
AT1G65910	AT2G30432
AT2G36270	AT1G77450
AT3G57230	AT1G77450
AT1G77450	AT5G39610
AT1G77450	AT4G27410
AT1G77450	AT5G37260
AT1G77450	AT3G02310
AT1G77450	AT2G31070
AT1G77450	AT3G47620
AT1G77450	AT3G45150
AT1G77450	AT5G35550
AT3G18550	AT2G02450
AT3G23240	AT2G02450
AT2G20570	AT2G02450
AT2G23290	AT2G02450
AT2G02450	AT3G02150
AT2G02450	AT2G31070
AT2G02450	AT3G47620
AT2G02450	AT3G45150
AT2G02450	AT3G15030
AT2G02450	AT5G60970
AT2G02450	AT5G60120
AT5G15840	AT2G17040
AT2G17040	AT4G35550
AT5G39810	AT2G33480
AT5G08790	AT2G33480
AT3G60530	AT2G33480
AT2G33480	AT3G61910
AT2G33480	AT3G02150
AT2G33480	AT4G18390
AT3G03200	AT5G50820
AT4G16780	AT3G04420
AT5G15840	AT3G10480
AT3G10480	AT3G10480
AT3G10480	AT3G10490
AT5G15840	AT3G44350
AT5G09750	AT3G44350
AT3G44350	AT5G41090
AT3G44350	AT5G37260
AT3G44350	AT5G65210
AT4G13980	AT3G49530
AT3G49530	AT5G50820
AT3G49530	AT4G18390
AT5G41200	AT3G55210
AT3G55210	AT3G61910
AT5G62165	AT3G61910
AT5G51870	AT3G61910
AT5G48670	AT3G61910
AT5G39750	AT3G61910
AT5G42630	AT3G61910
AT5G15160	AT3G61910
AT3G61910	AT5G49450
AT3G61910	AT5G38800
AT5G28770	AT3G61910
AT5G39660	AT3G61910
AT5G53290	AT3G61910
AT5G10140	AT3G61910
AT5G26930	AT3G61910
AT5G06650	AT3G61910
AT5G39760	AT3G61910
AT5G03740	AT3G61910
AT5G03720	AT3G61910
AT5G02840	AT3G61910
AT5G13910	AT3G61910
AT5G40330	AT3G61910
AT5G07690	AT3G61910
AT4G12350	AT3G61910
AT4G33450	AT3G61910
AT5G67300	AT3G61910
AT3G61910	AT5G50820
AT3G61910	AT5G47640
AT3G61910	AT5G47670
AT3G61910	AT5G38140
AT3G61910	AT4G06746
AT3G61910	AT4G33880
AT3G61910	AT5G37260
AT3G61910	AT5G11190
AT3G61910	AT5G08070
AT3G61910	AT5G67580
AT3G61910	AT5G53200
AT3G61910	AT4G35550
AT3G61910	AT4G18170
AT3G61910	AT4G24240
AT4G01550	AT5G41090
AT5G42780	AT4G17980
AT4G17980	AT5G18300
AT4G17980	AT5G50820
AT4G17980	AT5G06070
AT5G53950	AT5G13180
AT2G33480	AT5G13180
AT4G36160	AT5G13180
AT5G13180	AT1G56010
AT5G13180	AT5G63790
AT5G13180	AT5G66300
AT5G13180	AT2G18060
AT5G13180	AT1G71930
AT5G18300	AT5G24590
AT5G22380	AT5G41090
AT5G44210	AT5G39820
AT5G53290	AT5G41090
AT5G53950	AT5G50820
AT5G50820	AT5G63790
AT5G50820	AT5G66300
AT5G64060	AT5G64060
AT1G56010	AT1G56010
AT1G56010	AT4G35550
AT5G13180	AT3G29035
AT5G50820	AT3G29035
AT3G29035	AT1G69600
AT5G44190	AT5G39610
AT2G20570	AT5G39610
AT2G33480	AT2G22770
AT2G22770	AT2G22770
AT1G53170	AT1G52880
AT5G54230	AT1G52880
AT1G77450	AT1G52880
AT5G12840	AT1G54830
AT5G12840	AT1G08970
AT4G23980	AT3G05690
AT1G14920	AT3G05690
AT3G05690	AT4G14540
AT3G05690	AT3G48590
AT3G05690	AT1G54830
AT3G05690	AT1G08970
AT3G05690	AT1G66350
AT3G05690	AT3G03450
AT3G05690	AT3G47620
AT3G05690	AT3G15030
AT3G61910	AT2G34720
AT2G34720	AT4G14540
AT2G34720	AT3G48590
AT2G34720	AT3G02150
AT2G34720	AT3G15030
AT2G34720	AT5G65210
AT2G34720	AT4G35550
AT5G03740	AT1G54160
AT1G54160	AT4G35550
AT4G36540	AT3G14020
AT4G34530	AT3G14020
AT5G21120	AT3G14020
AT3G14020	AT3G48590
AT3G14020	AT3G47620
AT3G14020	AT3G15030
AT3G14020	AT5G35550
AT2G27110	AT1G30500
AT4G08150	AT1G30500
AT1G65910	AT1G30500
AT3G61910	AT1G30500
AT1G30500	AT2G13570
AT1G30500	AT3G02150
AT1G30500	AT5G37260
AT1G30500	AT3G47620
AT1G30500	AT3G15030
AT1G65360	AT1G17590
AT1G31630	AT1G17590
AT1G17590	AT5G38800
AT2G18550	AT1G17590
AT1G67100	AT1G17590
AT3G62610	AT1G17590
AT1G17590	AT3G02150
AT1G17590	AT3G47620
AT1G17590	AT3G45150
AT1G17590	AT3G15030
AT1G17590	AT4G35550
AT5G44190	AT3G20910
AT3G20910	AT3G48590
AT3G20910	AT3G45150
AT3G20910	AT5G60970
AT3G61910	AT3G53340
AT3G53340	AT3G48590
AT3G53340	AT5G38140
AT3G53340	AT1G56170
AT3G53340	AT1G54830
AT3G53340	AT5G63470
AT3G53340	AT5G27910
AT3G53340	AT1G08970
AT3G53340	AT5G17300
AT3G53340	AT5G65210
AT2G27470	AT5G43250
AT5G08190	AT5G38140
AT5G08190	AT5G63470
AT3G61910	AT2G38880
AT5G09330	AT2G38880
AT2G38880	AT3G48590
AT2G38880	AT5G38140
AT2G38880	AT1G56170
AT2G38880	AT1G54830
AT2G38880	AT5G63470
AT2G38880	AT5G27910
AT2G38880	AT1G08970
AT2G38880	AT5G06070
AT1G14920	AT5G47640
AT3G14020	AT5G47640
AT5G47640	AT3G48590
AT5G47640	AT5G38140
AT5G47640	AT1G56170
AT5G47640	AT1G54830
AT5G47640	AT5G63470
AT5G47640	AT5G27910
AT5G47640	AT1G08970
AT5G12840	AT4G14540
AT4G14540	AT3G48590
AT4G14540	AT1G07980
AT4G14540	AT5G38140
AT4G14540	AT1G56170
AT4G14540	AT1G54830
AT4G14540	AT5G63470
AT4G14540	AT5G27910
AT4G14540	AT1G08970
AT5G15840	AT1G09030
AT3G61910	AT1G09030
AT5G47640	AT1G09030
AT1G09030	AT2G47810
AT1G09030	AT2G13570
AT1G09030	AT1G56170
AT1G09030	AT5G27910
AT1G09030	AT1G08970
AT1G09030	AT2G28610
AT1G09030	AT1G78080
AT1G09030	AT5G67580
AT3G53340	AT2G47810
AT2G47810	AT3G48590
AT2G47810	AT5G38140
AT2G47810	AT1G56170
AT2G47810	AT1G54830
AT2G47810	AT5G63470
AT2G47810	AT5G27910
AT2G47810	AT1G08970
AT5G47670	AT3G48590
AT5G47670	AT5G38140
AT5G47670	AT1G56170
AT5G47670	AT1G54830
AT5G47670	AT5G63470
AT5G47670	AT5G27910
AT5G47670	AT1G08970
AT5G47670	AT5G65210
AT5G26650	AT2G13570
AT4G23980	AT2G13570
AT5G41410	AT2G13570
AT2G35940	AT2G13570
AT2G23760	AT2G13570
AT3G18550	AT2G13570
AT2G41070	AT2G13570
AT2G20570	AT2G13570
AT3G01220	AT2G13570
AT2G18350	AT2G13570
AT3G24520	AT2G13570
AT4G32010	AT2G13570
AT3G13540	AT2G13570
AT2G47810	AT2G13570
AT2G13570	AT3G48590
AT2G13570	AT1G07980
AT2G13570	AT5G38140
AT2G13570	AT1G56170
AT2G13570	AT1G54830
AT2G13570	AT5G63470
AT2G13570	AT5G27910
AT2G13570	AT1G08970
AT2G13570	AT3G02150
AT2G13570	AT2G31070
AT2G13570	AT3G47620
AT2G13570	AT3G45150
AT2G13570	AT4G18390
AT2G13570	AT3G15030
AT2G13570	AT5G65210
AT2G13570	AT4G35550
AT2G13570	AT4G04450
AT2G13570	AT3G21175
AT2G37060	AT3G48590
AT2G37060	AT5G38140
AT2G37060	AT1G56170
AT2G37060	AT1G54830
AT2G37060	AT5G63470
AT2G37060	AT5G27910
AT2G37060	AT1G08970
AT2G37060	AT4G35550
AT5G15840	AT1G07980
AT4G11140	AT1G07980
AT3G01220	AT1G07980
AT5G47640	AT1G07980
AT5G47670	AT1G07980
AT5G12840	AT5G38140
AT4G37740	AT3G48590
AT5G54070	AT3G48590
AT4G17980	AT3G48590
AT5G12840	AT3G48590
AT5G06510	AT3G48590
AT2G27470	AT3G48590
AT5G08190	AT3G48590
AT5G23090	AT3G48590
AT3G48590	AT5G17300
AT3G48590	AT5G37260
AT3G48590	AT4G35550
AT5G12840	AT1G56170
AT2G34720	AT1G56170
AT1G30500	AT1G56170
AT2G27470	AT1G56170
AT1G56170	AT4G24470
AT5G06510	AT1G54830
AT2G34720	AT1G54830
AT3G14020	AT1G54830
AT3G20910	AT1G54830
AT2G27470	AT1G54830
AT5G12840	AT5G63470
AT3G05690	AT5G63470
AT2G34720	AT5G63470
AT3G20910	AT5G63470
AT2G27470	AT5G63470
AT5G64750	AT5G27910
AT5G47370	AT5G27910
AT2G27470	AT5G27910
AT4G18960	AT1G08970
AT1G31630	AT1G08970
AT5G41410	AT1G08970
AT3G18550	AT1G08970
AT5G15850	AT1G08970
AT3G02380	AT1G08970
AT2G24790	AT1G08970
AT5G24930	AT1G08970
AT1G14920	AT1G08970
AT2G20570	AT1G08970
AT5G11260	AT1G08970
AT1G72830	AT1G08970
AT2G34720	AT1G08970
AT3G14020	AT1G08970
AT3G20910	AT1G08970
AT1G08970	AT3G02150
AT1G08970	AT1G66350
AT1G08970	AT3G03450
AT1G08970	AT2G31070
AT1G08970	AT3G47620
AT1G08970	AT3G45150
AT1G08970	AT5G08070
AT1G08970	AT3G15030
AT1G08970	AT5G60970
AT1G08970	AT4G24470
AT1G08970	AT5G60120
AT1G08970	AT3G21175
AT1G08970	AT1G51600
AT3G02990	AT2G46870
AT4G17785	AT2G46870
AT4G17785	AT4G01500
AT4G01500	AT4G18390
AT5G20730	AT5G20730
AT5G43250	AT2G27300
AT2G27300	AT4G35580
AT3G57670	AT4G18390
AT5G06960	AT5G06960
AT5G63790	AT5G11270
AT5G11270	AT5G15800
AT5G15850	AT1G74930
AT4G36990	AT1G74930
AT1G68640	AT3G12250
AT5G48150	AT2G04890
AT4G04890	AT4G04890
AT2G34710	AT2G34710
AT5G67110	AT1G30490
AT5G08130	AT1G30490
AT2G33860	AT1G30490
AT4G17460	AT1G30490
AT5G47370	AT1G30490
AT4G37790	AT1G30490
AT3G60390	AT1G30490
AT2G22800	AT1G30490
AT4G16780	AT1G30490
AT2G44910	AT1G30490
AT5G09750	AT1G30490
AT4G32010	AT1G30490
AT2G02070	AT1G30490
AT4G08150	AT1G30490
AT1G30490	AT5G61270
AT1G30490	AT2G46970
AT1G30490	AT3G02150
AT1G30490	AT2G01940
AT1G30490	AT5G66350
AT1G30490	AT2G31070
AT1G30490	AT3G47620
AT1G30490	AT3G15030
AT1G30490	AT5G60970
AT1G30490	AT5G60120
AT1G30490	AT2G41940
AT1G09530	AT1G09530
AT1G09530	AT2G20180
AT1G09530	AT4G31800
AT1G09530	AT1G80840
AT2G43010	AT5G61270
AT2G43010	AT3G59060
AT2G43010	AT4G31800
AT2G43010	AT1G80840
AT5G61270	AT2G20180
AT5G61270	AT2G46970
AT2G46970	AT5G37260
AT3G62090	AT2G20180
AT2G43010	AT2G20180
AT2G20180	AT2G20180
AT2G20180	AT3G59060
AT5G20240	AT5G20240
AT5G20240	AT1G24260
AT3G51080	AT2G28610
AT3G61910	AT2G28610
AT2G28610	AT3G15030
AT2G28610	AT2G41940
AT3G57230	AT3G02150
AT4G37940	AT3G02150
AT5G26650	AT3G02150
AT4G36540	AT3G02150
AT3G25710	AT3G02150
AT3G02150	AT5G38800
AT5G39660	AT3G02150
AT5G15850	AT3G02150
AT5G53950	AT3G02150
AT3G15210	AT3G02150
AT5G44210	AT3G02150
AT3G51080	AT3G02150
AT3G58070	AT3G02150
AT4G37740	AT3G02150
AT4G17460	AT3G02150
AT5G47370	AT3G02150
AT4G16780	AT3G02150
AT4G17710	AT3G02150
AT5G09750	AT3G02150
AT3G24520	AT3G02150
AT3G50700	AT3G02150
AT4G17695	AT3G02150
AT4G08150	AT3G02150
AT5G25220	AT3G02150
AT5G35900	AT3G02150
AT3G49940	AT3G02150
AT5G63090	AT3G02150
AT4G34990	AT3G02150
AT5G23000	AT3G02150
AT5G17800	AT3G02150
AT4G33450	AT3G02150
AT3G20910	AT3G02150
AT5G27910	AT3G02150
AT3G02150	AT3G03450
AT3G02150	AT5G17490
AT3G02150	AT5G17300
AT3G02150	AT5G37260
AT3G02150	AT4G27330
AT3G02150	AT4G36260
AT3G02150	AT3G55980
AT3G02150	AT3G47620
AT3G02150	AT5G08070
AT3G02150	AT4G18390
AT3G02150	AT3G27010
AT3G02150	AT1G30210
AT3G02150	AT1G53230
AT3G02150	AT3G15030
AT3G02150	AT5G60970
AT3G02150	AT5G65210
AT3G02150	AT5G60120
AT3G02150	AT5G25160
AT5G03680	AT5G03680
AT5G18560	AT5G60970
AT5G18560	AT5G25160
AT3G47640	AT4G14410
AT5G11260	AT3G47640
AT5G02320	AT3G47640
AT3G47640	AT5G24590
AT3G47640	AT4G02590
AT4G36900	AT5G24590
AT4G36540	AT3G14230
AT1G53170	AT3G14230
AT4G34530	AT1G78080
AT5G27910	AT1G78080
AT3G61910	AT1G43160
AT1G43160	AT2G04890
AT5G15850	AT2G28550
AT3G02380	AT2G28550
AT2G24790	AT2G28550
AT5G57660	AT2G28550
AT5G16560	AT2G28550
AT2G28550	AT5G60120
AT2G28550	AT2G37260
AT5G08790	AT4G06746
AT5G03790	AT4G06746
AT4G17785	AT4G06746
AT1G19220	AT1G13260
AT5G17800	AT1G68840
AT1G68840	AT4G35550
AT5G06070	AT5G37260
AT2G36270	AT4G27410
AT5G13180	AT4G27410
AT4G27410	AT1G69600
AT5G37020	AT2G01570
AT4G21750	AT2G01570
AT5G41410	AT2G01570
AT2G23760	AT2G01570
AT3G16770	AT2G01570
AT3G50330	AT2G01570
AT2G02080	AT2G01570
AT2G02070	AT2G01570
AT5G03150	AT2G01570
AT5G16560	AT2G01570
AT5G12840	AT2G01570
AT3G05690	AT2G01570
AT5G47640	AT2G01570
AT1G54830	AT2G01570
AT1G08970	AT2G01570
AT5G20730	AT2G01570
AT4G04890	AT2G01570
AT2G43010	AT2G01570
AT3G62090	AT2G01570
AT2G20180	AT2G01570
AT3G02150	AT2G01570
AT2G01570	AT4G36930
AT2G01570	AT3G47620
AT2G01570	AT3G27010
AT4G21750	AT3G03450
AT5G41410	AT3G03450
AT5G28770	AT3G03450
AT3G50330	AT3G03450
AT5G16560	AT3G03450
AT5G25220	AT3G03450
AT4G04890	AT3G03450
AT2G43010	AT3G03450
AT3G62090	AT3G03450
AT2G20180	AT3G03450
AT3G03450	AT4G36930
AT3G03450	AT5G08070
AT5G28770	AT5G17490
AT1G53170	AT5G17490
AT5G54230	AT5G17490
AT1G66470	AT5G65210
AT5G17800	AT4G36570
AT5G53290	AT1G19510
AT1G67100	AT1G19510
AT1G19510	AT5G37260
AT1G19510	AT5G65210
AT1G26260	AT5G02030
AT1G70510	AT5G02030
AT5G25220	AT5G02030
AT4G32040	AT5G02030
AT5G02030	AT5G02030
AT2G45660	AT2G01760
AT2G37630	AT2G01760
AT4G16780	AT2G01760
AT3G01220	AT2G01760
AT4G00120	AT2G01760
AT4G08150	AT2G01760
AT2G23290	AT2G01760
AT4G37260	AT2G01760
AT5G67300	AT2G01760
AT2G01760	AT4G36930
AT2G01760	AT5G22570
AT2G01760	AT2G25000
AT5G24800	AT5G58080
AT4G02640	AT5G58080
AT5G28770	AT5G58080
AT5G58080	AT5G58080
AT1G53170	AT3G16857
AT4G36540	AT4G33880
AT4G33880	AT5G37260
AT5G56860	AT5G17300
AT5G47370	AT5G17300
AT5G23090	AT5G17300
AT5G41200	AT5G37260
AT5G47220	AT5G37260
AT5G39760	AT5G37260
AT5G60480	AT5G37260
AT5G65080	AT5G37260
AT5G61420	AT5G37260
AT5G37260	AT5G37260
AT5G37260	AT5G60970
AT5G35770	AT5G60970
AT1G07530	AT3G12250
AT5G64750	AT2G04890
AT5G06950	AT2G04890
AT2G23760	AT2G04890
AT3G27810	AT2G04890
AT3G02150	AT2G04890
AT5G13330	AT2G04890
AT2G04890	AT5G66350
AT2G04890	AT2G31070
AT2G04890	AT3G47620
AT2G04890	AT3G15030
AT2G04890	AT5G65210
AT2G04890	AT3G21175
AT3G50700	AT1G50420
AT2G02080	AT1G50420
AT2G02070	AT1G50420
AT5G03150	AT1G50420
AT5G44160	AT1G50420
AT2G01570	AT1G50420
AT4G17785	AT3G54220
AT4G17980	AT3G54220
AT5G37260	AT3G54220
AT1G71692	AT5G15800
AT3G57230	AT5G15800
AT4G37940	AT5G15800
AT4G24540	AT5G15800
AT5G62165	AT5G15800
AT2G45650	AT5G15800
AT5G51870	AT5G15800
AT5G60910	AT5G15800
AT1G69120	AT5G15800
AT4G35580	AT5G15800
AT5G20240	AT5G15800
AT5G15800	AT5G15800
AT5G15800	AT3G58780
AT5G15800	AT2G42830
AT5G15800	AT2G22540
AT5G15800	AT5G23260
AT3G57230	AT3G02310
AT4G37780	AT3G02310
AT3G02310	AT3G02310
AT3G57230	AT1G24260
AT2G45660	AT1G24260
AT4G24540	AT1G24260
AT2G45650	AT1G24260
AT5G60910	AT1G24260
AT3G48430	AT1G24260
AT1G24260	AT1G24260
AT1G24260	AT3G58780
AT1G24260	AT2G42830
AT1G24260	AT2G22540
AT1G24260	AT5G23260
AT5G60910	AT2G03710
AT1G69120	AT2G03710
AT2G03710	AT2G03710
AT2G03710	AT2G22540
AT2G03710	AT3G47620
AT2G03710	AT3G15030
AT2G03710	AT5G23260
AT2G45190	AT2G01940
AT2G18550	AT2G01940
AT5G37260	AT2G01940
AT3G61120	AT3G58780
AT5G27130	AT2G42830
AT2G45650	AT2G42830
AT5G11190	AT2G42830
AT3G57920	AT5G67580
AT5G18830	AT5G18830
AT2G45190	AT4G27330
AT3G18550	AT4G27330
AT4G27330	AT4G27330
AT4G27330	AT1G67260
AT4G27330	AT2G31070
AT4G27330	AT5G08070
AT4G27330	AT4G18390
AT4G27330	AT3G27010
AT4G27330	AT1G30210
AT4G27330	AT1G53230
AT4G27330	AT3G15030
AT4G27330	AT5G60970
AT4G27330	AT5G60120
AT5G67110	AT4G36930
AT4G36930	AT4G36930
AT5G12330	AT2G21400
AT2G21400	AT4G36260
AT2G23760	AT2G18120
AT5G15850	AT2G18120
AT5G12330	AT2G18120
AT5G66350	AT2G18120
AT2G21400	AT2G18120
AT2G18120	AT3G54430
AT2G18120	AT4G36260
AT2G18120	AT2G31070
AT2G18120	AT3G47620
AT2G18120	AT4G18390
AT2G18120	AT3G15030
AT2G36270	AT1G75520
AT3G18550	AT1G75520
AT5G15850	AT1G75520
AT5G15210	AT1G75520
AT5G12330	AT1G75520
AT3G02150	AT1G75520
AT5G66350	AT1G75520
AT2G18120	AT1G75520
AT1G75520	AT2G31070
AT1G75520	AT3G47620
AT1G75520	AT3G45150
AT1G75520	AT3G15030
AT1G75520	AT5G60970
AT5G12330	AT3G54430
AT5G66350	AT3G54430
AT3G54430	AT4G36260
AT3G54430	AT5G65210
AT5G12330	AT1G19790
AT2G18120	AT1G19790
AT3G54430	AT1G19790
AT1G19790	AT4G36260
AT1G19790	AT2G31070
AT1G19790	AT3G47620
AT1G19790	AT3G15030
AT3G17609	AT1G75540
AT5G15850	AT2G31380
AT3G17609	AT2G31380
AT2G31380	AT4G18390
AT4G36240	AT1G06040
AT5G11260	AT1G06040
AT3G17609	AT1G06040
AT2G01570	AT1G06040
AT3G51060	AT3G51060
AT3G51060	AT5G60970
AT5G16560	AT4G36260
AT5G12330	AT4G36260
AT5G66350	AT4G36260
AT5G21120	AT1G30970
AT1G30970	AT2G31070
AT1G30970	AT3G15030
AT1G30970	AT5G60970
AT1G30970	AT4G35550
AT3G61910	AT3G23130
AT3G53340	AT3G23130
AT3G23130	AT3G47620
AT2G22630	AT2G22540
AT3G57390	AT2G22540
AT4G24540	AT2G22540
AT2G45650	AT2G22540
AT4G01120	AT2G22540
AT3G61910	AT2G22540
AT3G02310	AT2G22540
AT2G42830	AT2G22540
AT2G22540	AT5G65210
AT3G55980	AT5G65210
AT3G49850	AT3G19860
AT4G17785	AT3G49850
AT3G47640	AT3G49850
AT3G49850	AT5G65210
AT3G49850	AT5G67580
AT4G32980	AT2G30432
AT4G36540	AT2G30432
AT5G45300	AT2G30432
AT5G15840	AT2G30432
AT5G17300	AT2G30432
AT2G30432	AT5G65210
AT2G36270	AT2G31070
AT2G45190	AT2G31070
AT3G57230	AT2G31070
AT4G37940	AT2G31070
AT5G26650	AT2G31070
AT1G65620	AT2G31070
AT4G36540	AT2G31070
AT2G31070	AT5G38800
AT5G28770	AT2G31070
AT5G53950	AT2G31070
AT3G15210	AT2G31070
AT2G33860	AT2G31070
AT2G33835	AT2G31070
AT4G37740	AT2G31070
AT5G47370	AT2G31070
AT3G01220	AT2G31070
AT5G09750	AT2G31070
AT2G41690	AT2G31070
AT3G24520	AT2G31070
AT3G50700	AT2G31070
AT4G08150	AT2G31070
AT5G25220	AT2G31070
AT3G49940	AT2G31070
AT3G01140	AT2G31070
AT3G27785	AT2G31070
AT5G23000	AT2G31070
AT5G17800	AT2G31070
AT5G27910	AT2G31070
AT5G61270	AT2G31070
AT3G02150	AT2G31070
AT5G17300	AT2G31070
AT5G37260	AT2G31070
AT5G66350	AT2G31070
AT3G51060	AT2G31070
AT4G36260	AT2G31070
AT3G55980	AT2G31070
AT2G31070	AT3G47620
AT2G31070	AT5G08070
AT2G31070	AT4G18390
AT2G31070	AT3G27010
AT2G31070	AT1G30210
AT2G31070	AT1G53230
AT2G31070	AT3G15030
AT2G31070	AT5G60970
AT2G31070	AT5G65210
AT2G31070	AT5G60120
AT2G31070	AT4G31800
AT2G31070	AT3G01970
AT2G31070	AT5G25160
AT3G57230	AT3G47620
AT4G37940	AT3G47620
AT5G26650	AT3G47620
AT5G41200	AT3G47620
AT4G32980	AT3G47620
AT4G36540	AT3G47620
AT3G47620	AT5G38800
AT5G28770	AT3G47620
AT5G39660	AT3G47620
AT5G53950	AT3G47620
AT4G34680	AT3G47620
AT3G51080	AT3G47620
AT4G37740	AT3G47620
AT3G52910	AT3G47620
AT4G17460	AT3G47620
AT4G16780	AT3G47620
AT5G09750	AT3G47620
AT4G02670	AT3G47620
AT3G50700	AT3G47620
AT4G00220	AT3G47620
AT4G08150	AT3G47620
AT5G25220	AT3G47620
AT5G35900	AT3G47620
AT3G49940	AT3G47620
AT5G63090	AT3G47620
AT3G50870	AT3G47620
AT4G34990	AT3G47620
AT5G23000	AT3G47620
AT5G17800	AT3G47620
AT4G33450	AT3G47620
AT5G18300	AT3G47620
AT5G38140	AT3G47620
AT5G27910	AT3G47620
AT3G47640	AT3G47620
AT1G66350	AT3G47620
AT3G03450	AT3G47620
AT5G17490	AT3G47620
AT5G17300	AT3G47620
AT5G37260	AT3G47620
AT5G11190	AT3G47620
AT4G27330	AT3G47620
AT3G57920	AT3G47620
AT4G36260	AT3G47620
AT3G55980	AT3G47620
AT3G47620	AT3G47620
AT3G47620	AT5G08070
AT3G47620	AT4G18390
AT3G47620	AT3G27010
AT3G47620	AT1G30210
AT3G47620	AT1G53230
AT3G47620	AT3G15030
AT3G47620	AT5G60970
AT3G47620	AT5G65210
AT3G47620	AT5G60120
AT3G47620	AT4G04450
AT3G47620	AT5G25160
AT3G57230	AT3G45150
AT5G26650	AT3G45150
AT4G36540	AT3G45150
AT5G39660	AT3G45150
AT5G44210	AT3G45150
AT5G09750	AT3G45150
AT5G25220	AT3G45150
AT5G27910	AT3G45150
AT5G37260	AT3G45150
AT3G55980	AT3G45150
AT3G45150	AT5G25160
AT5G60480	AT5G08070
AT5G17490	AT5G08070
AT5G37260	AT5G08070
AT5G08070	AT4G18390
AT5G08070	AT3G27010
AT5G08070	AT1G30210
AT5G08070	AT1G53230
AT5G08070	AT3G15030
AT5G08070	AT5G60970
AT3G15210	AT1G67260
AT5G09750	AT1G67260
AT2G13570	AT1G67260
AT5G37260	AT1G67260
AT1G67260	AT5G65210
AT1G67260	AT3G01970
AT1G52890	AT3G27010
AT3G27010	AT1G30210
AT3G27010	AT1G53230
AT3G27010	AT3G15030
AT3G27010	AT5G60970
AT3G27010	AT4G18170
AT1G65620	AT1G30210
AT1G30210	AT1G53230
AT1G30210	AT3G15030
AT1G30210	AT5G60970
AT4G18960	AT4G18390
AT4G37940	AT4G18390
AT4G23980	AT4G18390
AT1G65620	AT4G18390
AT5G42630	AT4G18390
AT5G04150	AT4G18390
AT4G38910	AT4G18390
AT5G42520	AT4G18390
AT4G18390	AT5G38800
AT5G28770	AT4G18390
AT4G25470	AT4G18390
AT4G26150	AT4G18390
AT5G47230	AT4G18390
AT5G42780	AT4G18390
AT4G22700	AT4G18390
AT5G35900	AT4G18390
AT5G12330	AT4G18390
AT4G34990	AT4G18390
AT1G09530	AT4G18390
AT5G37260	AT4G18390
AT4G18390	AT3G27010
AT4G18390	AT1G30210
AT4G18390	AT1G53230
AT4G18390	AT3G15030
AT4G18390	AT5G60970
AT4G18390	AT5G35550
AT4G18390	AT4G24240
AT1G75080	AT1G53230
AT3G15210	AT1G53230
AT5G44210	AT1G53230
AT5G49330	AT1G53230
AT1G66370	AT1G53230
AT1G66380	AT1G53230
AT2G47460	AT1G53230
AT1G66390	AT1G53230
AT1G71030	AT1G53230
AT2G01570	AT1G53230
AT1G53230	AT1G53230
AT1G53230	AT3G15030
AT1G53230	AT5G60970
AT1G53230	AT4G24470
AT1G53230	AT5G35550
AT1G53230	AT4G18170
AT3G57230	AT3G15030
AT4G37940	AT3G15030
AT5G26650	AT3G15030
AT4G11250	AT3G15030
AT3G30260	AT3G15030
AT4G32980	AT3G15030
AT4G36540	AT3G15030
AT3G15030	AT5G38800
AT5G28770	AT3G15030
AT5G62430	AT3G15030
AT5G53290	AT3G15030
AT5G53950	AT3G15030
AT3G15210	AT3G15030
AT3G51080	AT3G15030
AT4G36730	AT3G15030
AT3G58070	AT3G15030
AT5G06650	AT3G15030
AT4G37740	AT3G15030
AT4G17460	AT3G15030
AT5G47370	AT3G15030
AT3G60390	AT3G15030
AT4G16780	AT3G15030
AT5G09750	AT3G15030
AT5G43840	AT3G15030
AT3G24520	AT3G15030
AT4G02670	AT3G15030
AT3G50700	AT3G15030
AT4G00220	AT3G15030
AT5G16560	AT3G15030
AT4G08150	AT3G15030
AT5G25220	AT3G15030
AT3G26620	AT3G15030
AT3G27650	AT3G15030
AT5G35900	AT3G15030
AT3G49940	AT3G15030
AT5G63090	AT3G15030
AT3G50870	AT3G15030
AT5G23000	AT3G15030
AT5G17800	AT3G15030
AT3G61910	AT3G15030
AT3G20910	AT3G15030
AT5G27910	AT3G15030
AT4G01500	AT3G15030
AT5G61270	AT3G15030
AT5G17300	AT3G15030
AT5G37260	AT3G15030
AT5G66350	AT3G15030
AT3G57920	AT3G15030
AT3G51060	AT3G15030
AT4G36260	AT3G15030
AT3G15030	AT5G60970
AT3G15030	AT5G65210
AT3G15030	AT5G24590
AT3G15030	AT5G60120
AT3G15030	AT4G13640
AT3G15030	AT5G25160
AT5G61270	AT5G60970
AT5G60970	AT5G65210
AT5G60970	AT4G18170
AT4G14770	AT5G67580
AT5G09750	AT1G25560
AT3G49940	AT1G25560
AT3G61910	AT1G25560
AT5G65210	AT5G65210
AT5G06950	AT1G22070
AT5G06960	AT1G22070
AT3G02150	AT1G22070
AT5G37260	AT1G22070
AT2G31070	AT1G22070
AT3G15030	AT1G22070
AT5G65210	AT1G22070
AT1G22070	AT3G12250
AT5G06950	AT3G12250
AT5G06960	AT3G12250
AT5G17800	AT4G24470
AT5G63470	AT4G24470
AT4G24470	AT4G24470
AT5G50820	AT5G11590
AT5G50820	AT5G24590
AT4G18390	AT2G36960
AT5G15850	AT5G60120
AT5G57660	AT5G60120
AT5G60120	AT5G60120
AT1G49950	AT1G49950
AT1G49950	AT5G67580
AT5G67580	AT5G67580
AT1G07540	AT1G07540
AT3G53790	AT3G53790
AT3G60530	AT1G15720
AT1G33240	AT1G15720
AT4G00480	AT5G53200
AT5G40330	AT5G53200
AT5G53290	AT5G23260
AT3G02310	AT5G23260
AT5G23260	AT5G23260
AT1G34790	AT1G34790
AT5G35550	AT5G35550
AT5G35550	AT4G09820
AT4G38620	AT4G09820
AT3G13540	AT4G09820
AT1G79180	AT4G09820
AT5G53200	AT4G09820
AT2G37260	AT2G37260
AT2G37260	AT5G22570
AT4G08150	AT4G02590
AT4G13640	AT4G13640
AT1G43700	AT1G43700
AT1G62700	AT1G71930
AT1G12260	AT1G71930
AT4G36160	AT1G71930
AT5G66300	AT1G71930
AT2G18060	AT1G71930
AT1G71930	AT1G71930
AT3G45170	AT2G02740
AT2G02740	AT4G35550
AT5G27130	AT4G35550
AT5G39750	AT4G35550
AT5G08130	AT4G35550
AT5G24800	AT4G35550
AT5G28770	AT4G35550
AT5G15850	AT4G35550
AT5G56780	AT4G35550
AT4G36620	AT4G35550
AT5G56860	AT4G35550
AT5G25220	AT4G35550
AT5G35900	AT4G35550
AT4G37540	AT4G35550
AT5G02840	AT4G35550
AT5G65080	AT4G35550
AT5G41090	AT4G35550
AT5G06960	AT4G35550
AT5G39860	AT4G35550
AT4G36570	AT4G35550
AT5G17300	AT4G35550
AT5G11190	AT4G35550
AT5G23260	AT4G35550
AT3G57230	AT1G20700
AT1G65360	AT1G20700
AT1G54060	AT1G20700
AT1G73830	AT1G20700
AT2G23760	AT1G20700
AT3G18550	AT1G20700
AT2G40140	AT1G20700
AT2G33835	AT1G20700
AT2G18380	AT1G20700
AT4G37740	AT1G20700
AT4G17460	AT1G20700
AT2G18550	AT1G20700
AT5G15210	AT1G20700
AT4G08150	AT1G20700
AT1G70510	AT1G20700
AT5G25220	AT1G20700
AT3G11090	AT1G20700
AT4G17785	AT1G20700
AT2G26960	AT1G20700
AT4G37780	AT1G20700
AT5G67300	AT1G20700
AT5G23090	AT1G20700
AT3G48590	AT1G20700
AT3G02150	AT1G20700
AT2G31070	AT1G20700
AT3G47620	AT1G20700
AT3G45150	AT1G20700
AT5G08070	AT1G20700
AT3G15030	AT1G20700
AT1G20700	AT4G31800
AT2G30130	AT1G46480
AT1G69780	AT1G46480
AT4G36540	AT1G46480
AT2G23760	AT1G46480
AT3G18550	AT1G46480
AT2G31280	AT1G46480
AT2G27110	AT1G46480
AT2G18550	AT1G46480
AT5G15210	AT1G46480
AT4G08150	AT1G46480
AT3G02550	AT1G46480
AT5G14750	AT1G46480
AT2G23290	AT1G46480
AT1G54330	AT1G46480
AT3G02150	AT1G46480
AT5G18560	AT1G46480
AT2G31070	AT1G46480
AT3G47620	AT1G46480
AT3G45150	AT1G46480
AT3G15030	AT1G46480
AT5G60970	AT1G46480
AT1G46480	AT4G01720
AT3G54320	AT3G54320
AT4G31800	AT4G31800
AT4G31800	AT1G80840
AT4G31800	AT2G25000
AT4G01250	AT4G24240
AT5G21120	AT4G18170
AT5G17800	AT4G18170
AT4G18390	AT4G18170
AT1G73830	AT1G69810
AT3G02150	AT1G69810
AT3G47620	AT1G69810
AT1G69810	AT1G69810
AT1G69810	AT4G01720
AT1G69810	AT2G25000
AT5G62000	AT5G22570
AT4G22070	AT1G80840
AT5G22570	AT1G80840
AT1G80840	AT1G80840
AT1G80840	AT4G04450
AT1G80840	AT4G01720
AT1G80840	AT2G25000
AT4G18390	AT4G04450
AT4G35550	AT4G04450
AT4G31800	AT4G04450
AT5G15210	AT3G01970
AT3G02150	AT3G01970
AT3G47620	AT3G01970
AT3G15030	AT3G01970
AT3G01970	AT3G21175
AT4G37940	AT4G01720
AT5G27910	AT4G01720
AT4G22070	AT4G01720
AT4G04450	AT4G01720
AT3G24520	AT2G25000
AT5G17300	AT2G25000
AT5G37260	AT2G25000
AT4G01720	AT2G25000
AT2G25000	AT2G25000
AT5G26650	AT4G24240
AT3G18550	AT2G17950
AT2G20570	AT2G17950
AT4G00150	AT2G17950
AT4G17695	AT2G17950
AT3G02150	AT2G17950
AT5G18560	AT2G17950
AT2G31070	AT2G17950
AT3G47620	AT2G17950
AT3G15030	AT2G17950
AT5G60970	AT2G17950
AT2G17950	AT2G17950
AT5G60480	AT1G69600
AT5G42780	AT1G69600
AT1G69600	AT1G69600
AT2G42410	AT5G38800
AT3G47620	AT2G42410
AT5G42630	AT5G25160
AT5G27910	AT5G25160
AT5G60970	AT5G25160
AT5G26650	AT2G41940
AT5G41410	AT2G41940
AT2G41940	AT5G38800
AT5G53950	AT2G41940
AT4G08150	AT2G41940
AT3G02150	AT2G41940
AT5G17300	AT2G41940
AT5G37260	AT2G41940
AT3G47620	AT2G41940
AT3G15030	AT2G41940
AT5G60970	AT2G41940
AT4G17570	AT3G21175
AT3G61910	AT3G21175
AT5G11270	AT3G21175
AT4G24470	AT3G21175
AT3G21175	AT3G21175
AT5G39810	AT1G51600
AT2G27110	AT1G51600
AT3G61910	AT1G51600
AT2G13570	AT1G51600
AT3G48590	AT1G51600
AT5G27910	AT1G51600
AT2G04890	AT1G51600
AT4G24470	AT1G51600
AT3G01970	AT1G51600
AT3G21175	AT1G51600
AT1G51600	AT1G51600
